id,cn,l,l160,l320,prov,can,organic,grass,btest,bfree,rp
1,-4.146071772001783,3.779916399893334,3.752177969823498,3.28848741809903,5.224610971171312,4.501518557626995,.993599077221294,1.697703735768031,1.178937335222919,3.584544390294805,1
3,-18.03430648700447,3.691446440278343,4.097783199751856,4.589886881558189,5.159028080439313,4.431093501526597,3.922695431018573,2.280667125489991,1.395270835091649,3.29033306784151,1
5,-19.11182339542306,4.333024372019337,4.151506998136885,3.58279066452754,5.281803943015346,4.466606320497275,.6716874417256103,.7884527438352602,1.545097664757746,3.747108680791271,1
11,.1422409563080688,4.29351739767572,3.995441784528138,3.155253942127549,5.181861712050484,4.486244167219028,2.313605842030897,-.4738699507820817,.9656623779757932,1.992855702067406,1
12,-19.06491872918378,4.350078203029413,4.048100870379667,3.465836645231287,5.396103086711198,4.438555072949705,.0801275535467135,2.057188223498775,1.695523262318655,2.058865435876123,1
13,4.574008375624387,4.129962629157899,4.010781268495531,3.463870415182415,5.242303532689567,4.45501386711407,-.8593870851654563,.0485819089075937,1.417893108421863,2.229684185733447,1
18,-17.90711356166662,3.353117476815739,3.854202089278049,3.211664685893307,5.36123160360393,4.450420126891261,5.609598833008755,2.169665573184191,1.895541810206301,1.438834218216876,1
19,4.687619541205736,4.202038700255851,4.013408617066641,3.444388080440551,5.231916116830323,4.440288646376239,-.7481179094674398,.0695432886773293,1.414936842136407,2.262468460753278,1
24,-17.15721844465068,6.08613126108045,3.701575908801058,3.255767112245014,5.207851724671031,4.36466410603443,6.304083315737775,2.334071341575043,1.299371281463004,5.121531774286465,1
25,-17.83969285349397,4.290066052161888,3.782741272199117,3.061302114263701,5.353329827011429,4.531193295515799,2.346849153945513,3.253755155912416,2.013988404021736,3.785436149171366,1
28,-5.598819504957278,3.627975442855314,3.989984521711988,3.443808669836213,5.15792692955061,4.479944438877257,-1.374015576094524,.5675522271904437,1.04662199291556,3.018338611196361,1
31,-18.96496961700299,3.853941214487132,4.145925698411491,3.364334206704441,5.278777096032833,4.438309919102418,-2.812319914874637,.4501247402389192,1.006145209446187,2.900389873174394,1
35,-17.74644696604817,4.442115136869644,4.203880328655645,2.881443538854051,5.324545870913235,4.463051810312749,3.557269798114527,.4302585401198827,1.955168134179655,4.353535993325261,1
39,5.156682503453447,4.038499370181112,3.93586855238823,3.378286339986232,5.238808904658092,4.483062156921911,-.3834055934408494,.3116149044967755,1.445167969759065,2.364007591202858,1
40,-10.61330503089965,5.745348717613173,4.099617516568013,2.308330475502022,5.194755927985091,4.475197996301418,-.8480700785504763,.664740335335757,2.021389367363363,3.643186178866548,1
42,-18.14083556284675,4.037026984424847,3.971524326630845,3.797830868746324,5.215082836881576,4.470392056236534,-.8775174426121264,1.290287585939289,.9173993668281127,3.232831944513271,1
45,-17.25491333909465,3.827974179649705,4.168315853314438,3.811194622427078,5.214114573224274,4.451320176177681,1.577494325712562,3.81849476413282,1.015558684434852,3.039624414591277,1
47,-17.80669504286922,4.1528981007914,4.081413804561211,4.30988804603764,5.115173833282459,4.463825608770406,2.144247646256314,1.478040769151001,2.42055259341767,.3806749530109063,1
53,-18.69266036235851,4.372927317002625,3.556120150079182,5.108074390446824,5.224924385355543,4.443104113937861,-1.073875838990884,.9615005873886443,2.151409338558629,1.039174878990526,1
54,-17.29818209880216,4.24357271840236,3.896817277411434,2.86272929476393,5.536079256133121,4.499626703516,1.106017766966308,1.996901574837302,1.572716262247726,5.385689023661485,1
55,-18.11212384466488,2.362317608764573,4.328465444821636,3.448303330495178,5.278322068346871,4.517078615359146,2.32370469725086,.9072001540413418,2.023582564608867,2.81705225478122,1
58,-10.66534787103836,4.086875150092347,3.817261698569707,3.339262545155914,5.325761415096408,4.469725750982822,-.9410283260468647,.7095672158797067,1.108568255698019,4.227324818520554,1
61,-18.38430034625232,4.980182094709538,4.476923595837315,3.191143411162169,5.220719107315314,4.450683774158588,-2.171249082592078,2.999012342232117,2.042623838984376,3.148993440534382,1
62,-18.38274026315513,4.859624278327312,4.460516944384413,3.489066553718501,5.101167729361,4.419076701783662,-2.900751553668975,.6107716483160861,2.041061789016642,4.309015152874115,1
67,-5.555546940623243,4.697492850261333,3.972779102600736,3.450410354863278,5.131437860372386,4.4988967311662,-2.963398135009425,.5697119434012681,1.386004366351115,2.21876566557716,1
68,-18.604224730588,4.389932119923808,3.720816452842007,3.422769150515365,5.22034449272025,4.489495707419751,1.82226369687569,1.994430108406775,2.21670376794351,3.303487001825533,1
69,4.532201594171759,4.2374934694671,3.964384342380764,3.370410582971069,5.276191059180992,4.452432757719466,.1068138121041833,.3965467318037287,1.49814134349709,2.294758939130694,1
70,-17.43315475564563,5.838250701207559,3.791318274963201,3.649419192586723,5.139583167871344,4.470167502364752,5.317112874312145,1.00205969742258,1.76590412161554,2.728766308356277,1
71,-1.21385909784732,3.719772467474239,3.939777592147184,3.47889445216856,5.363305947245434,4.40194252078895,1.104559762344197,-1.023511321523784,1.19378064267278,1.318075220568029,1
73,-7.92742594584397,3.97615702542531,3.890746328664376,3.671906504109321,5.239253411103959,4.478261540534731,-1.838885648927934,.2882465271901425,2.127448958710761,2.328657361516317,1
75,-9.88807497845368,4.010601861070819,4.318792375595031,3.826561422985943,5.069276044451442,4.465830054829913,.3794062907140609,-.6756747416466843,.7771793688967251,5.651314595309098,1
81,-18.73072820776548,4.338071601072482,3.833323806204393,3.540054458429854,5.464686054074948,4.469013592934327,-1.421579199840247,.8230172183677639,1.693915555893708,4.174540684067853,1
84,-18.14597822543651,4.972663542816706,4.149287552690623,4.125740832961942,5.201233784245755,4.406019424524342,.4404257275916828,-2.267847599409243,2.277549297218107,3.228730017874069,1
85,4.539530662646373,4.259979813441316,3.992730166559797,3.445792562942839,5.231458742229047,4.442149990806779,-.5787879527403422,.0128078518301484,1.376469711638866,2.184209679264861,1
88,-18.29648043740266,4.031908355981455,3.746858225677319,3.458718917665108,5.277770777699281,4.525858095082367,.4114346637134286,1.978284119861063,1.839575751354813,3.193291596095285,1
94,-5.730262619214242,3.109335612363361,4.172776048816623,3.070805764530351,5.158304446737354,4.514539882272642,-.0899227554556866,-.5919177706677902,1.276351821757897,3.310068942225285,1
95,-18.54152926773235,5.217238795742724,3.656546917729413,3.313321019786243,5.319593149495584,4.45993555073207,.0854375546266085,.9953064170652759,1.252010962266369,1.206941531073209,1
96,1.893571781015109,4.006524356193615,3.896455011032919,3.317264689407843,5.326973840601933,4.431959935882497,2.13281717236321,.9846567396929905,1.221087572894102,1.74907940991968,1
97,-18.37923639481274,3.940713670857872,3.949091214622584,3.416565798378536,5.259645249740743,4.473382423355837,1.856236014341405,.9787106921157737,1.337998124479982,3.117062956981614,1
100,-18.83368345731791,3.931615747912134,4.41044077650716,3.174679075421465,5.281380188608349,4.425317881318674,1.235759463785319,.7981516140557432,.6285265450224387,1.917088691264136,1
101,-4.68978622769325,3.601147360023884,3.909210823551151,3.946063268255337,5.272372597044167,4.452697094341935,-1.711935844649773,-1.192569609862386,.9166041421961828,2.947050726462561,1
105,-8.56862109233847,3.719050604722795,4.153976541044936,3.058372611542836,5.397417582344378,4.478025936460844,1.074929969979815,-.6113296254410359,1.612647725317187,2.188478066871713,1
108,-19.0775231707984,3.371938686313204,4.211859936177428,3.209172989432549,5.43824404844481,4.449529829640272,1.167357786941067,-.6077463052186777,2.292426049625263,1.488372103838257,1
110,-18.72420663244,3.902162049024559,4.139430309087526,3.470337322959767,5.22233609414932,4.413590629907826,-2.03100861049591,.858515147837675,1.440973133057301,-.1155164582801187,1
111,-12.12686787385295,5.071193144566074,4.00209128981851,3.705658096838961,5.191401982632997,4.444314791680245,-.6896399241563043,2.609151157852389,1.576353024718768,1.826438127677741,1
114,-16.75955354592305,3.851785010132071,4.130174192930296,3.945887789534781,5.156160926797192,4.479814831390388,4.068037482328477,1.885005255924189,1.644711586071857,4.516287875373175,1
115,-1.929118650215445,4.059524255278919,4.02166704546398,4.175904451746423,5.172890745882894,4.459250161236413,-1.140304337458503,-.6161171585475879,.9973737258826039,1.51840630299957,1
117,-5.453866673332721,3.663492972568181,4.117543597622153,3.508518789196925,5.083122493086896,4.47934899878503,-1.468829035567805,.2948016182789461,1.058136308862695,4.730679455430913,1
118,-17.79043169001142,3.416507248520895,3.93165816944345,3.42147659680299,5.350030639095621,4.49049685793547,.7775225455386809,1.184672810303553,1.333730801155568,3.851509104999504,1
123,-5.97381836105938,5.293038748335995,4.098544225292897,3.428026899743452,5.200674841979343,4.436849875979497,1.793856090737545,1.21683282998597,.7710612400532608,4.577604372500252,1
124,-3.73325881302747,4.665093272286249,4.081903828882785,3.647823067326919,5.225944926496861,4.405752389444704,.5473100944532064,.7631715270751219,1.147468776061988,3.225080636882382,1
129,-18.66469168130579,5.807582168318705,3.842222879262061,4.259420462393644,5.24504041948447,4.424515939393565,1.709028200472508,-.5796440125034619,2.252899864449136,3.887276366194136,1
130,-17.98095756952731,4.500455702695044,3.924124168081113,3.485944984736608,5.262755908677588,4.462846500431243,3.937019650311706,.0872661956448421,1.386510373252851,1.399236583236814,1
131,-6.953878423506461,3.942674068817684,4.332046213684753,3.428927376772267,5.264734288439943,4.48309502337109,4.419089636526054,.6452162389412381,1.667026805524868,2.014018886591115,1
135,-18.91675251929457,4.904666742544022,3.856230974229879,3.55196735352333,5.438789535288936,4.391345639712752,-.6456389496636884,.5464122412291404,.9854916887542325,.4432381857344035,1
138,-.6090554711509991,4.072842748372638,3.818181117748522,3.356386992266879,5.213148512427858,4.490005314484248,-.5886141499507405,-.2729350924572865,1.316008684850049,3.692444945229533,1
139,-8.308978639293146,5.425437623473141,3.485495729171914,3.282822607040444,5.32451087176498,4.512311311133841,3.48261711946176,1.03093992092915,.9328486992686073,3.154295120769808,1
140,-18.52765984057763,3.972263899229784,4.269428337662402,3.820298246576788,5.272756558831928,4.463840644331943,6.55576693271369,.9739212743490859,.9527988839605912,2.366851236953013,1
141,4.585147830206882,4.266056590261613,3.99906568725123,3.389069110647389,5.211633983314802,4.453267873802939,-.56599755403316,.3923061629915506,1.326888362201118,2.440183421633971,1
143,-.2935098327899066,4.00293419401375,3.943411448581184,3.129269684917266,5.190088117255628,4.468269567123187,-1.293373584230849,1.469405696979554,1.133450322472918,1.672193822693981,1
147,-12.09749980429369,4.347135971451957,4.038517551579755,2.89063088346646,5.28857893942599,4.492864413745093,.447854328482954,.8804800554135811,1.236084378542274,4.358100023653502,1
148,-18.82647772849155,3.450119066693975,3.772435122718105,3.584096021251939,5.24479249303331,4.503476083278611,3.634165475972254,1.808980596566071,1.30207808579136,2.855925173221912,1
149,-17.60058037024806,4.569519124720063,3.917650949527033,3.403321013957198,5.272717004531855,4.475237159176863,3.697647777288937,-.0900118025278903,1.439871469576979,1.419512159659536,1
154,-11.37518179541059,4.630294215659712,4.221442282644156,2.474677857828932,5.284249377980513,4.519207800878409,-2.017898077917656,1.238215402667312,1.845950252598175,1.853337160773105,1
157,4.642771565126271,4.243986162197587,3.940463351669225,3.46556278556432,5.232316293553548,4.44035419893077,.1434871343309485,.3879491431866134,1.480907070889658,2.243641158851347,1
160,-4.218428346489609,4.034652390670463,3.746016495075488,3.197085422276652,5.177701229689561,4.474304139012933,-1.249398203699984,-1.158413037364579,1.042681125384314,1.927719228254427,1
162,.3797284478297289,5.183558729955988,3.785196675694528,3.478410043323799,5.219807437714654,4.459611861805902,-1.429063788182698,-.1370932785916365,1.128940991488327,3.686971943370825,1
163,-.6636355876198504,4.147858034051451,4.204088976701625,3.354431755200908,5.072856033640881,4.456559632139638,-2.099480978119916,-.5344304766674813,.868349086777838,4.067717775040451,1
167,-7.650940587586128,4.288619864111842,4.180566460271351,2.765537682456386,5.216209814026496,4.510279548235372,-.3588647485276297,-.1011655853517223,1.307217231543002,4.214106778372604,1
171,-18.73250299804978,4.818543325944991,3.908736400091872,3.343905723948372,5.258919493644091,4.436441414436366,.7973573337305697,-.5520318600143812,.5353528503701935,1.426094457736954,1
172,-18.51847344131976,5.209719999619211,3.697751853311085,3.301484690881979,5.335325528191905,4.448184614432644,.0651241256847739,.991820901847708,1.251836877475367,1.182468454612594,1
176,4.486720169116006,4.321561073680467,3.915741815394317,3.378167872412555,5.208137116875444,4.458585881822936,-.4806554174602592,.3404313027766562,1.282593746418255,2.552934283263928,1
177,-7.925288406434118,4.627365693560698,3.904298491347048,3.512564321666447,5.264503847719568,4.440136697542749,1.872720772325326,1.229491794852063,1.257800427865684,2.388257986790445,1
178,-16.94944977342814,4.88884975110189,3.584864712899498,4.033730793850067,5.26536871472537,4.458005804564374,.4185040461498987,1.235151527484957,.8555151513690794,6.344813628021178,1
179,-1.400643212362724,4.08391424883188,3.879397059431701,3.211629127657359,5.231232092308525,4.485152382751385,-.1837130176472744,-.3668541875015933,1.227784243999499,3.081642114960573,1
180,-18.00305542030867,3.14077505688521,4.620026512864814,3.367120093132764,5.210463457754677,4.418132964186361,1.877030430075414,-.141244833339424,3.315964547743933,1.33977858900106,1
181,-7.747906957428432,4.112885158816961,3.89793454500732,4.410451148209971,5.262462607414291,4.46410419971911,-1.501767346446489,-1.15951776626694,2.674831122989886,2.414098023290403,1
184,-18.9707737062169,3.990540259927947,3.81400330297017,3.027381692012418,5.240694033702298,4.460844735912648,-2.583810167324539,2.860247174603375,1.265828024202707,2.924724964043486,1
190,-17.90989395922973,3.879295925813478,4.031096979003631,4.36909976235567,5.255109273638365,4.401249492531061,-3.637245517606739,2.482976844845022,1.636726044769932,1.929286855025111,1
192,3.611401047543419,4.097549971094124,4.020307414276805,3.325142608841428,5.223284891244773,4.477128905533259,-.2009607317834217,.2822272553365038,1.360886297845991,2.35799951935781,1
193,4.543889425348304,4.110513544774023,3.998824922397494,3.43056941367694,5.212383479153565,4.45375205468852,-.6518291218905996,.0999676379072832,1.418308876811309,2.23917035471968,1
194,-17.73936905709284,4.04456234085832,3.904950675794897,3.38823967942518,5.255584931592907,4.446887850371536,1.309901455881763,-.2961793715371529,.8985412789554273,5.728934000112781,1
195,4.48879912154319,4.274490329177562,3.981454029405359,3.369120648802608,5.275269343699734,4.44243304165399,.0673663711408597,.4389116250000592,1.464614099888343,2.228995972363303,1
197,-1.42184572223654,4.104085367399839,3.869155958805292,3.244005472027278,5.218690470830351,4.507606261540715,-.2799623678831787,-.4373345979203606,1.250760171647856,3.082816530264568,1
199,-17.72604825424947,5.780624289358704,4.351886450122,2.617397783234288,5.296306040315911,4.475803193174733,3.279646763023355,2.264387775392354,1.289938144976575,4.375805736060281,1
203,-1.263464341288589,4.177398180575367,3.856417777762712,3.168137120874968,5.173355309980836,4.514796877988462,-.1056255995188349,-.3873293507402549,1.222651252791042,3.173628509649899,1
205,-7.109047517964217,4.036138490266755,3.914639276503936,3.376350394634413,5.22425942045479,4.450662497016611,-.8610174670208981,-2.026138947144174,1.481988021224494,2.832343203386277,1
206,-11.08066815953407,3.92857205927444,3.73816529848159,3.745594660720078,5.243657041203321,4.491100345166955,-2.25436865763319,1.228288574623359,1.136131338016864,2.050322987482385,1
208,-17.85942164810729,5.137430684052715,4.084527773752987,3.255074610169461,5.128637829187002,4.554453919075387,1.69319501241543,2.27946208771104,2.867000322865179,.7569886466599914,1
210,.0984495037247102,5.410711001645361,3.770564412839019,3.442416576211753,5.210198527177226,4.486035957663513,-1.45270314087024,-.1347591323912238,1.085426042737985,3.475945160868999,1
211,4.507855026916625,4.185091098386382,3.983690850566357,3.366794502215272,5.247639681005329,4.454461083599225,-.5532403903748043,.4484750205351069,1.272512462800324,2.486552850906885,1
215,-17.991697482693,3.939111668401972,3.953892458849919,4.431230644100737,5.24773770464887,4.421126454388435,-3.527971628047428,2.421316428988457,1.616191116295601,1.930970618224124,1
219,-18.59903341011497,4.357824572472897,3.826104621721175,3.539325335352134,5.259732060952907,4.477063129029339,-1.417868572146598,.9486965946450667,1.542220473502135,2.21916290055923,1
222,-18.73023142887498,4.079463092318825,4.312703889013723,2.904911427657672,5.333589125728414,4.420189815285487,-1.186265392514855,.3936225768178816,1.207998042899793,6.498887595360018,1
223,-18.49186486751596,4.992030577909238,3.981686805079505,3.011207691051739,5.187081503331139,4.490770787174976,2.817367990765643,1.036510534112764,1.967630700241984,2.487667477941722,1
224,-18.93862469372618,3.526056443697692,4.226821383977788,3.213774639346673,5.438396431777222,4.467728021799577,1.220361106616649,-.6109643100219687,2.297529022921752,1.407097395632511,1
228,-10.71807908337988,4.720921103165417,3.812117809193321,3.593237413985709,5.320221707800655,4.486834949621995,-.536184878660144,-.0996244862508261,1.78582221113795,2.921143301245089,1
229,-19.53656729472999,3.378300307663535,4.14173525308003,3.524293594629557,5.413553735445521,4.447717507570124,.6648081256880926,-.3569166145556787,1.361488298718774,2.696414997399203,1
231,-.9100483802670493,3.964517769990695,4.052518421267979,3.406279792536912,5.178941083146018,4.492275470062816,-2.125103984621791,.8597035228830784,1.333436361558054,3.131631750843378,1
232,-.6365434991451842,4.141612065820775,3.930526544510802,3.42095692430644,5.227741430254694,4.432621627784534,-2.191627254445421,.9315238215395907,1.258954194191813,3.226921400639696,1
235,-17.93406271494754,4.945138018695379,3.907692632426833,2.952619821692798,5.350947340282573,4.446895096519958,1.507981501718921,2.296669330491663,1.483356623893898,2.569118011762898,1
238,-18.10435767037836,4.389801981881794,3.822733548417182,2.936470638410455,5.424431471559919,4.440055879904444,.5456540396231521,2.057621304130524,2.132173280316367,3.75733351337361,1
240,-16.93483196107076,3.777151475528689,4.365035593724982,3.252741441194605,5.254002174146475,4.480937631005544,4.523134664376575,1.159079875557181,1.696001294936157,1.855915042644873,1
241,-18.26249188176676,4.515655477855123,4.044219730802951,3.38683756831611,5.259471592590168,4.496546793782399,-2.332190915874572,2.166975403269593,1.674396877328163,2.819594857375136,1
244,-12.35558965020373,3.971352167291306,3.999225068635608,3.561322796531899,5.245817507049666,4.461603752683946,1.36682194658465,1.652411174131259,1.616292483557946,2.246467777316139,1
248,-18.21539997651765,5.331610072902373,4.075430292228079,3.463551729977434,5.157273474285495,4.465185438698023,.1227968392986093,-.5946208631804341,1.768970325956636,1.50183475578192,1
249,-11.9370095950781,3.859737673922848,3.668948495469821,3.289030432859352,5.318879890449018,4.438395135432614,-4.311952194308612,1.181408299673544,1.851395436989771,3.254302765012308,1
250,-18.28540595425147,3.968297455932638,4.002768899055764,3.794676362164263,5.207334260005589,4.483909893118579,-1.070843088955603,1.167721317720186,.9442609716723385,3.273220166011982,1
251,-19.15966451301697,4.48175218783635,3.983382614442939,2.617502392328542,5.178168565892494,4.477911805129581,1.812928605209736,-.5467291131498641,2.063632907986287,3.122834599492311,1
252,-16.59376926758609,4.68823157132939,3.869522976112236,4.912376233342913,5.261654761171187,4.428668717973951,2.689667433243997,4.85510108149537,1.694900077197625,.8991767613047069,1
254,-10.08285616342851,4.068046692626596,4.100118487218714,3.370216654703825,5.290209538398079,4.470619802802485,-1.457336768449034,.0249117009508688,2.365215265055224,1.599158954690612,1
255,-12.93265827575946,4.602482718159719,4.286670989492725,3.061977277195095,5.24257673506759,4.472796081093535,-.2168434398104202,-.6337184093319317,1.400778083557437,3.14159991852853,1
258,-16.70580101358135,6.032122704288783,3.970753198701743,3.392111580499873,5.075397822443054,4.427291275148443,4.476600659344039,1.911308980831586,2.103262596596633,2.113353959862644,1
259,-.2751514969400316,4.102878250296535,4.39212183512997,3.318049319302741,5.264185361455914,4.433201371609243,-.3025619309834113,-.1789190243442108,1.235819155070751,1.522539468043731,1
262,-10.19385161437894,4.464883820865722,3.816796932946996,3.121642136358847,5.2200728943128,4.545172246475826,2.735734938896156,2.365602645441362,2.049454707970937,2.929226228537674,1
264,-17.60206621498185,4.171139946710156,4.315069734540672,4.018718147928688,5.171461809286964,4.442246304914961,2.706030028556563,2.043333574422082,1.312166481845351,5.748531697055196,1
267,-6.884783576011204,4.052956901904341,4.006501509236043,3.371467533527598,5.208141312551263,4.460090740809374,-.8672013762429182,-1.834999905469904,1.237860862594905,3.111600170260087,1
268,4.927528048645752,3.979534371289843,3.964492353591239,3.339446607351065,5.258390923277712,4.455078961760258,-.2630381929049377,.1591257764002937,1.373468056722339,2.22605903812596,1
270,-18.24100170449345,4.274626056808047,3.871509525078159,3.381594661993479,5.340903391995495,4.459176910247875,-.4766537793895958,3.269974235830488,2.269845900959855,2.664372125296638,1
273,-4.285705193863294,3.497890462480695,3.891721947734048,3.582681486406984,5.265347239041851,4.522967236730692,-.6640376486536589,2.502475995719637,1.716923328358272,3.232818297645299,1
274,-18.22005226124326,5.572374790451997,3.840461317799508,3.81630160131265,5.052410862558015,4.483872879498139,2.598476872095491,3.176757182127237,.9165348596901199,3.6300580238797,1
275,-8.052258959071583,4.511639504403266,3.800133846417007,3.330421840822357,5.296501784635652,4.47552874263021,-3.285081669694508,1.602165240756847,1.240863552746839,1.568946927811454,1
276,-17.29848763120796,3.278874142549638,3.79003156411806,3.978249869322771,5.46764331908868,4.446981625569933,2.645376260344154,3.615767601439031,1.195725672140825,1.850112927012934,1
279,.6101069700244264,4.064019211319425,3.866991419368851,3.337360188392715,5.239305771215053,4.422681275572075,2.260535831611435,-.5449996386751567,1.690014704522165,1.61095370439727,1
288,-.6203948410885735,4.119342256962851,3.839074308496648,3.383256503239645,5.249437077349474,4.471237236436392,-.5700946015717083,-.2911693292738584,1.461928957382051,3.705212751458973,1
289,1.997216836740608,4.28714157276206,4.257111183441408,3.268650585117597,5.214387842529534,4.46334026994329,-1.578673974129192,1.017141533037272,1.145082216930474,3.300329419227611,1
291,-16.05789384290204,3.522100089112454,4.08119000658415,3.319433470316166,5.304405842759771,4.407548090242593,8.38281036651485,-.9477373829400056,1.114050775504156,3.121083203992696,1
295,-17.88117689669423,4.375966571065701,4.039339456259658,3.56068314189113,5.197016518232049,4.459921871666701,3.41371335135499,1.56560032694424,1.08368023634278,3.767379926329478,1
299,-17.52258175572296,4.521531480567896,3.932416047970034,3.363169320002042,5.288446295336775,4.43356861456482,3.785206415555137,.1032756157696072,1.404411200610432,1.477224292478829,1
300,-17.82279408524166,5.869306610925253,3.459703284357791,3.859602740603655,5.261448043694327,4.521410426109206,3.459643871003177,1.577210190738482,1.50249395740274,4.603596014909675,1
301,-4.12919270661332,3.346849361767807,3.871841360690482,3.369275981715496,5.085145092027684,4.527432181003842,1.329845461001589,1.072007445882205,1.669945097306742,3.083481953587004,1
302,4.942642734953725,4.08233502200623,3.982658633741323,3.416458442162621,5.279827196577077,4.465952410730679,-.1577081255563003,.2000694582371217,1.321214079066461,2.257316978582332,1
303,-11.15155592234181,3.86068906204499,3.557711808071962,2.841586328566384,5.547824842386532,4.454272643621811,3.011348234539899,.2209766309358119,1.410077264300486,1.923436202858936,1
306,-18.4165741108341,4.652955554967796,4.240610608821507,3.676918812941869,5.260774398230791,4.45935481890579,1.067105699418688,-1.040608804761975,2.14272397228496,2.774608083468733,1
307,-17.93294402787084,4.563499794517243,3.808567190030395,3.767128170325896,5.279723665431665,4.442395375681102,2.551556575805165,1.407832379195288,2.531029490507219,1.282588528631727,1
309,-18.8645810844186,4.131825370484503,4.355987954882877,3.357440399049877,5.275576153073257,4.423579088445292,.390315122898246,-1.383187410360312,2.10022911444369,3.078977854687246,1
311,-3.957912065726825,4.130726824465301,3.866112229653085,3.73764799567989,5.143873782238835,4.421753254240246,-.9096028442352777,1.710161582039929,.8257782738902486,5.535689034689021,1
312,-18.11264996672592,3.321016479840256,3.905801479670579,4.699019824257714,5.208733890711261,4.457380045825452,.6605731466802147,2.631685690447267,1.597487210491552,3.817567811611405,1
313,-18.94009678141427,5.41152721919432,3.501963893128205,4.298241585727124,5.259435335976762,4.445639129557809,-1.437995405856386,.9488852850430879,2.741528864539282,.9940819736266382,1
314,-18.70370084732667,3.556707238303662,4.141826324879109,3.302870881846538,5.507974374776079,4.478451294133598,3.6463971262146,2.042953191119287,1.229560970520363,1.079022614353304,1
315,-7.290379430731277,3.94810533067517,3.767418656113576,3.631796289700429,5.159558994390226,4.42551395645858,-1.387464324980438,1.671310413516389,1.416445587583717,4.537331764111359,1
317,-5.601686106505225,3.33372790597861,3.986349391577974,3.39550177595748,5.273506810227963,4.416607781891301,.3692725090082681,-.3438826488333649,.9477080708264807,1.758294856584783,1
318,-7.629683440474565,4.77434917267685,3.914494823772944,2.87829749879576,5.379406485646878,4.440217672304767,-.2591865176803267,.5943232449296993,1.986144848316788,3.333413190866454,1
320,-1.046492627337164,3.943399117001201,3.894288738736258,3.217754461293258,5.197850187620422,4.452878884665293,.0916547013573884,1.327986084148312,1.166314925125378,1.67745318699965,1
321,-19.53406398663007,3.856040791408586,4.227955001676585,3.341759927572233,5.396245537208878,4.432804452132799,-.8044209888273328,-.8745940113789611,.9230404043976319,1.402562389232069,1
322,-17.5079747369437,4.297071789676294,3.584929468810214,4.193631351055719,5.208843941749834,4.458729373991962,3.89452082313931,.3406607522039935,2.363081903477922,3.403910755631303,1
324,-11.83828889698546,3.908850784676063,3.952303450486915,3.073437255785746,5.249700440670092,4.475956674247652,.1271972817405501,2.074175948829863,1.818153587640579,2.002156316301443,1
328,-16.49921917479837,5.139668904716676,3.782515266510675,3.06026241837796,5.382071474487288,4.469237682565947,5.273230857827245,1.17663223952988,1.120907153652248,6.668182957666551,1
329,-1.715223124728011,4.653832390662254,3.707689691953407,3.392253634377903,5.172634934862343,4.453361188366725,-1.952519128515344,.8623783359964385,.9830806395782503,2.826594970500617,1
331,-17.44886634917653,3.978471864117783,4.324576523901608,3.671079823544901,5.226499211110627,4.421671658287434,7.20708976100236,-.8536750085880115,.8895756660279736,3.626464483182209,1
335,-18.77097240757373,3.83565529161202,3.594243782381684,3.340762729337358,5.481127519389633,4.482379209431995,-1.811490319830113,.7009416918700179,1.319888365879468,2.39249451818778,1
337,-7.745126971534175,4.467359914819891,4.112298613702974,2.826809075969326,5.20202476418121,4.50969117732157,-.4081486209306837,-.2681352809474158,1.249331751403137,4.291849393002889,1
338,-18.99510496114901,3.665451303674695,3.763596408343394,3.582543178629272,5.18225196731239,4.463786426384322,.000548406627668,-.4308197228487768,.5250243136588179,3.393184809423418,1
339,-18.41371695584874,4.066629447846809,3.904516341870066,3.402459514900682,5.312560694384575,4.396795691876394,.5226477304364923,1.361190863017468,2.002489826484635,2.716823239018502,1
344,4.898997424507117,4.011705173408513,3.978595155548624,3.383728566358522,5.248381915952641,4.455539533838015,-.1290808430240843,.2173054113334729,1.319201660337233,2.19164038816398,1
345,-7.457531121991077,4.85458056864665,3.950251120285004,2.707363747180214,5.370458959940392,4.417498395834242,-.0946915759506278,.6435482190100624,2.169905206715363,3.348799457628645,1
346,-6.435639059381526,4.924327759359108,3.987662871228802,3.431976026716744,5.1607560416998,4.477828519161901,3.392710953333662,-.3368711691865571,1.533042447993023,1.977358961713319,1
348,-19.25071347402005,3.148498248343849,4.591677602933327,3.504585226365105,5.257219596043232,4.460447231378655,2.688873844829974,-2.194351790872461,1.803046224280809,1.581443566863912,1
349,-16.95206695047626,3.868429557953111,4.12804992572531,3.970691731711029,5.213896062385705,4.454656559401412,1.512853815823532,3.791636117787461,.9233005934573673,2.897781919513263,1
350,1.217968970306114,4.258059202967319,3.917399536350502,4.361501710982137,5.273450292573007,4.410973814693848,1.602821970669608,1.780797452028985,1.116903675376863,4.139802074808145,1
352,-5.612924259691048,4.505608718327888,4.017407496858878,3.351500052034089,5.031420832056363,4.510833740764058,-2.65547035314188,.5617333795860716,1.096210351997238,2.249898613187958,1
357,-18.21920393312019,4.885248445546374,3.943307155847847,3.031278508264563,5.243827285506852,4.431199903417188,-.982880674812504,2.952503243314434,1.412954214421523,3.888325234223995,1
360,-17.44376063624859,4.271926708320964,3.960720332441214,4.081370016763013,5.300901904489492,4.440961469439777,1.935265233344524,2.534979894944487,1.496263391526976,4.128800328799461,1
362,-12.49635387412198,4.386039920420393,3.82177159200415,3.557234708431161,5.245706315055015,4.473214095641329,2.604437057593346,1.477172347415875,1.71707341792085,3.487606377544659,1
363,-17.78993458066157,5.425047386532855,3.549778131901831,3.348089838172909,5.275727137626316,4.498912299195816,-2.126189413783086,3.566770845911558,2.15555595551267,1.954348712215009,1
365,-18.74651142081446,5.793979387105156,3.996110147688058,2.354496778903302,5.123304758877318,4.491097578375373,.8444217261851319,.3003714787267037,1.849253203211894,4.44372414134264,1
369,-1.914166337121012,3.965088621964908,3.941878884224405,4.155568550307254,5.16480112537514,4.435521263285273,-1.192056055566384,-.3365243632290599,1.107017381877129,1.681747891089022,1
370,-17.35242481177303,4.600718185604839,3.961487888807335,3.383163529475933,5.29943410054803,4.454140384282954,3.720521564108397,-.0911681133494806,1.470194376998098,1.628377380444457,1
375,-9.076197210390774,3.855444328128601,3.881173591433371,3.306744276456949,5.351926320993773,4.42278546719313,.5378980009218635,-2.343933629514174,1.16736621718622,2.239463461579996,1
376,-.8213301428248219,4.07660630444982,4.006586661305906,3.423626283902619,5.270669854872279,4.48200654244202,-2.104020770074381,.8850029428090558,1.357754138549747,3.063773275533352,1
378,-8.534176568220891,3.384672635766591,3.908938797339415,3.682729672695283,5.154102863243635,4.454772052158323,-.3060584328961135,.8928597156427868,1.228738791923228,1.88922442004224,1
383,-18.60835281113354,2.332944450635758,4.613825341451249,3.276388307155744,5.317864681343893,4.466819083613326,.353583315308701,-.6125405897047002,2.263098210041444,1.83728232203457,1
384,-4.232908783864397,3.942253521622936,3.712854711546905,3.219110992564623,5.225385695762883,4.47417965258612,1.147783948519077,1.736341485446276,1.67916312802367,2.368121687578277,1
388,4.5634790502993,4.257466305768786,3.98501470117718,3.412789939773748,5.285610673683479,4.440136026170757,-.0502440616848874,.3791008151439306,1.453945678694815,2.231882668558619,1
390,-10.39288199967877,3.275588421735654,4.002718066797437,3.588188453140179,5.341137910629785,4.402363532670631,-2.184460143450721,1.530638610153457,1.22155086045666,3.06716913565751,1
392,-9.814853839667137,3.708823239731322,4.244928147936863,3.041049486384078,5.278918081345501,4.423217871456329,5.780621388439312,.5107203438657721,1.012226566029635,3.399360195911313,1
394,-18.23069391243424,5.347817269322539,4.044878240202665,3.406394321072639,5.114361815263051,4.473955816519151,.0922099272774092,-.6321335507514936,1.814567862157154,1.436463854562181,1
397,-11.23551542012319,3.375558300667347,4.29359178587179,3.501865231972296,5.139089755147061,4.51497344387233,-.5223849281979129,2.03974355605604,1.847097626563502,3.465070960271798,1
398,-18.59415933751036,4.37203858741069,3.877659525063043,3.443731021793516,5.251748594115953,4.473785904494576,-1.426475546119077,.9835381289814579,1.498822558702636,2.163894729111768,1
400,4.862904327380448,3.955264005799282,3.963704881062271,3.385697117160861,5.246926779386313,4.454255379162906,-.1698010639145411,.2024818860350773,1.388626755400445,2.208164604553803,1
404,-18.10798419513263,4.033700855908438,4.303688677358492,3.427919058049644,5.258298169676701,4.444510501686726,2.159165473825148,.9880514821572592,1.858309875257339,4.226548787912892,1
407,-18.74234543047893,4.345839372039816,4.093861785330748,3.394422151977291,5.408950568241794,4.441996458796475,.0013098772135171,2.037592411482872,1.663666805570848,1.995138779833798,1
410,-7.919056570760535,3.784802411222659,3.921234546992509,3.996121145617745,5.128712514222838,4.492779610212454,1.070770828746008,1.56990350937336,1.58735251806072,2.262913859820251,1
412,-12.39977173250343,3.823954001847405,3.899946483737642,2.938810638510533,5.217041729299593,4.514745066115244,.1651920626762992,-.9266823288602157,.8357621852285059,2.754380641099626,1
413,-12.48310662701464,4.781805199974394,4.087070235612868,3.253579631670487,5.312349228128408,4.444421826355846,-1.547014817447594,2.078106661289176,1.242515935399006,2.148280266061117,1
415,-19.04353246944574,4.476369483570877,4.073729269752158,2.999325434240902,5.291726122640233,4.440071360558501,3.721492617102875,-.00466474570316,2.301533956827026,2.208688552226586,1
418,-7.952011065018032,4.166906170090849,3.892668000211589,3.095305949002043,5.295694486946217,4.495237290715121,-1.986285756200111,1.740136545847711,.5846062838709474,1.920471243592798,1
419,-18.79074249947457,4.715711714444983,3.978027438836035,3.47531351593326,5.2795625183484,4.442458313676085,.6719626277294268,-.6700003977165542,.5881574862579836,1.414712890329342,1
422,-5.912748503491557,3.156942756477783,4.435507248478507,3.238534015452252,5.364037874491545,4.439688145532753,3.438103580520838,.2968677088418166,2.040083572951642,2.441510372841795,1
423,-12.22363561949092,4.926573503029616,3.710892220484545,3.307909334563958,5.177860859206911,4.41665861211137,-3.793732616611533,1.134208094929808,2.261942564610992,3.369662612955175,1
429,-18.07818817172514,4.708173042438453,4.48135433355599,3.512821579904496,5.109080137312825,4.406418448518306,5.065227461852579,-.5075587882996959,1.541647043115038,3.670114994703982,1
433,-9.21354597429667,4.560467626557589,3.755597798758299,3.129231889358475,5.239166965161751,4.491471968600316,.3168994486638927,-.3549174287773,1.416671654225014,1.742910915093783,1
434,-17.70474682365466,4.18597970218304,4.579563900099577,3.301698674344379,5.192884139629244,4.476591067749797,-1.187396901016694,3.420096123793905,1.778468713248435,3.723862898315241,1
435,-17.9600005277504,4.589953308658493,4.174473740194965,3.31734344329192,5.369448307103926,4.445596574417376,3.77940445785981,2.632590011678675,.664404466355008,2.345869324690976,1
437,-19.00699854240833,5.390775132832266,4.150135739792357,4.035288796094118,5.177572123624982,4.41342125732005,.423339698089972,-.0899323415528555,1.421595830190125,1.699264343920807,1
438,4.560004704645889,4.134179662017725,3.995658157238241,3.530750147169253,5.220763004078958,4.443313574253584,-.679567557261132,.0761196308800337,1.459789932392746,2.106567622298126,1
439,5.173850397986762,4.010197361544972,3.94322289882276,3.421401206614753,5.253539970195959,4.458244897254461,-.3705388279958927,.3745027334969958,1.354897313806748,2.265997273331971,1
440,-16.47165099031044,4.109771507885626,3.93640575690578,4.193198231465884,5.056021664251871,4.508997672116157,6.919872937594842,1.135250195800028,2.02444519291591,3.783844938932031,1
441,-5.917257000135741,4.764776155140505,3.607895251842627,3.17038651040826,5.310089772635404,4.518683107382069,.5342655297812005,-.8920849891523106,1.388650192952432,3.118913786528017,1
444,-17.38953706464278,5.620746823233121,3.583173709350794,4.57116813941645,5.313234880805705,4.434182616298811,3.602067206823213,.3383978038958889,1.953315564394617,4.717130401621266,1
445,-17.91229969416309,3.815407339909836,3.948913452226738,3.224356494718807,5.33644446602934,4.47139523979642,-2.828503461257524,3.620328421461179,2.337873151584006,1.754880943865637,1
446,-.2688427344308173,4.193573932791355,4.391767596596381,3.309742404107187,5.296465856546443,4.413703426468442,-.3013703058319298,-.2570147475068471,1.221579658998305,1.560095008659394,1
449,4.747155761379445,4.291234427319477,4.024424342060454,3.476854934469703,5.242905724708449,4.442811960056442,-.7901016272148597,.1353349057314953,1.422579316414813,2.21043758791035,1
451,-9.339711825645153,4.343701996380636,3.77173027438541,2.916809096120366,5.303644583413936,4.523427922543928,1.683251593401984,1.079512896585512,1.652625692468184,4.456966891772407,1
453,-3.927480639314337,3.847682637835406,3.914195844718627,3.508393661414804,5.20046152965734,4.442290573567222,-3.231173237152317,1.400212041185428,1.171489201330625,1.810112350741613,1
457,-18.41620390037982,4.191157984220434,3.789371075793671,3.22393215276994,5.254621468450827,4.423800574797411,3.734083195054296,.6505420102993792,1.664412554661963,1.158215885176749,1
459,-10.25159844304786,5.663251400953377,4.443165122932418,2.764705270371794,5.249822332098186,4.47136118715383,1.635251059108156,2.352749189401869,1.289243561863572,3.450186801112519,1
463,-18.58591340650504,3.773390792664637,4.10497987456138,3.161029442454792,5.300545457722686,4.488489576269101,-.5446374127337195,2.191940486996937,1.66622781687802,1.62493356973575,1
464,-18.84991435264543,4.503338902746017,3.975689491674915,2.621272744071395,5.345592324206175,4.506119164444362,2.294012954109913,-.6655786585528352,1.676430705568911,4.216206381975343,1
466,-18.0125605626304,2.622772431491053,4.838792690207229,3.452813634250003,5.206735984141296,4.461978863184394,.009509740877806,1.319687992705351,2.933670091626555,.5232244415383035,1
467,-17.39189157161745,6.15203231246059,3.988808058911967,3.109070630810911,5.178986543652602,4.490973943913987,5.358756526250669,.4450713772661942,1.634026440801796,3.060896317731289,1
468,-17.93232105430071,3.966149062644678,4.112016608659723,3.867578429349381,5.317955921728451,4.428137353300999,1.257571888911919,2.868346649603521,1.607034019341487,1.956882511923066,1
470,-18.38241525873164,4.685414545949764,4.095601156230833,3.139336447264986,5.209405300822398,4.505653250369759,1.293226134460687,1.733537605439013,2.339420656301111,2.949249362748951,1
474,-7.954382891931474,4.548371159528263,3.934329329774437,3.06174375988689,5.252825476351375,4.415937604993716,-.7728562822813611,1.89668274994611,1.747470756826334,2.025080541145506,1
477,4.716939471243944,4.02217792641222,4.007594209479362,3.41680469583266,5.259195770886932,4.450374600070981,-.3460154192635974,.1468054711351741,1.324932913839689,2.199942727296225,1
479,-5.378799945726676,3.627388466707038,3.913008243084728,3.508849072921151,5.190640212293869,4.475658588075254,-1.407157423330097,.6721637444719647,1.01220760174647,3.032088494601287,1
482,-18.35860670241735,4.407999174810208,3.86211668590576,3.55500176899229,5.268751793083294,4.468635929196368,-1.368288900366169,1.03992716562767,1.505407114798118,2.213734017817149,1
483,-6.109486224962849,3.852648738149682,4.41941025755705,3.442357614685522,5.147120403506572,4.395975704487476,-3.625811860280415,1.545661277137175,1.557054885625381,1.549086216001022,1
487,-7.994044203650939,3.925501271099821,3.820095047645631,4.498361476129027,5.247705620183763,4.437732191920655,-1.616548573934833,-1.288740479120579,1.947563611376575,2.383625237688188,1
488,-18.05438099305471,3.741789055461375,3.984191684544438,3.349161285975889,5.344167853806995,4.459541154558826,-2.059519415234843,-.8733197222880031,2.053206810944007,2.729405880351477,1
489,-18.76210074833565,3.637148037527429,3.593200982589599,4.123610986910161,5.152262994185567,4.424245975680144,3.711100238858632,-1.402081786760538,1.701171662532385,2.105450169547166,1
492,-11.43870186529336,3.941768221008731,3.797947833686953,3.580040127940055,5.26872717622371,4.46387996623855,-2.199411675146582,1.312610628786594,1.856290989159596,2.070949083116925,1
496,-18.83043877722477,3.688001223323308,3.78145691114709,3.67632813997118,5.126022154634267,4.470687335868178,-.0171807821460518,-.4229987609905252,.5431901831642679,3.302910031178927,1
499,-19.08210062280927,3.810504709740942,3.724135738697281,3.585080792270568,5.193863175435665,4.481827006203608,-.0647140773060555,-.4015534946441915,.4406989637033563,3.365585127582721,1
500,-18.44157330789282,5.452692623213461,3.830804793721802,3.090271954896853,5.225978125760061,4.453103741132336,3.418348167810459,-.5681777272192998,2.416559663463167,1.829687505423211,1
502,-18.58682789911479,3.416482171309696,4.494298013978113,3.47126038149029,5.275652195856176,4.443441908103329,1.984866965612704,.8522990036609975,1.963677431782136,1.585332985295238,1
505,-18.35398292755754,3.906142519747259,3.991887415328396,3.833984320681525,5.214889476564695,4.458687355438316,-1.041859748570616,1.182909413014735,.9446273027407213,3.292085167040306,1
506,-.6398363909013256,4.126955036465875,3.844165334748961,3.267570389822334,5.230193603510521,4.468824729435658,-.6631123152040675,-.3926866630872541,1.27503829533063,3.709270295072312,1
507,-12.56630225847175,4.518951175448892,4.01052070219074,3.571712796218047,5.258829463327094,4.456226599875143,3.236820987863489,-.3228361519817926,1.358842669639631,2.497136284364109,1
512,-18.586188975271,3.875871429151263,4.114220899819275,3.452850656262829,5.245748356884245,4.487260911271691,-2.404799528806331,.9592962674954558,1.651049373885028,1.878003917882654,1
514,4.605179212997365,4.193403635417299,3.987252515132543,3.444209820322448,5.231678659359354,4.463484817182955,-.761864894171262,.0153340474340517,1.377156025552404,2.138742856035889,1
515,-17.4391619763634,4.969940800630346,3.637273027389201,3.641581848313962,5.064415671152684,4.499509086210156,1.320612658915137,3.237600589144157,2.430095397027461,4.502351994407901,1
516,-16.8584338885718,4.710111101077752,4.716721900103122,3.061837068652783,5.178026662364265,4.469025820547121,3.428216168147589,3.525571296117567,1.628124850353354,2.174559371714288,1
518,-16.31118772573806,6.041235810346888,3.951333916497215,3.397519260391982,5.095240774721193,4.480657291228388,4.285022147171285,1.840888810213907,2.085291916494644,2.197662878757781,1
520,-19.50080962711332,5.285024546930154,3.771413654846789,2.893239226905025,5.117402849311503,4.413814338144275,5.236152775097373,.697751116705578,.6660687819910063,7.649208841098995,1
523,3.639374579355755,4.145196817377403,3.997475231198636,3.358271536171468,5.237516907682033,4.456147241751143,-.3098231406609806,.2780020855545859,1.314513455800102,2.317790666411963,1
524,-18.2263543817488,4.537709125368838,4.051352656817444,3.452569181189068,5.261537028559266,4.455109579795685,-2.216586645541069,2.201138328110706,1.77629437660073,2.791809734160547,1
525,-9.204639450867605,4.900917212976229,3.885281511602767,3.735339738012172,5.227612073969978,4.450492784211888,-1.364124788282661,-1.473207628218069,1.713222221947362,3.243302225416705,1
529,4.55081057516764,4.30928239569953,3.917200799990951,3.417578349055312,5.255405215142515,4.460318729975664,.009068571399951,.437264564005604,1.463073803006296,2.274787083431846,1
530,4.144868900727155,4.183092459240171,3.968041084405132,3.374046146015805,5.234405228613958,4.448153005584088,.2712333302098454,.4649946903043613,1.379084341089964,2.111602504232937,1
534,-11.77602340985016,5.5171696199937,3.605611933166446,3.332322317519516,5.233644999823781,4.505324041057734,-.8279672060412058,.6479513888008134,1.65500279251598,2.348841765023601,1
537,-7.432120236631497,5.75540191705915,3.949877397343543,3.372845989984383,5.098591244798508,4.497720593386743,-.6946654653141582,.2087892317126449,.9943804196124051,1.902063351524374,1
538,-18.0853337440104,3.551606680107224,3.906823107417063,3.412135098398786,5.339970584339368,4.460254902242506,.8320536496016212,1.310335065133673,1.289420118317198,3.963746777305521,1
539,-17.71724025806594,5.335604164699389,3.807967782896813,3.916121815189124,5.343991130006867,4.439172710914216,.1897777047451027,4.397715002302161,2.06807966341708,1.34554459807941,1
541,-17.88585909605744,2.732489162612242,4.320422597477762,3.430289106158472,5.164792574804797,4.599348591999383,.4913071969325593,2.203714073247347,2.062917027666911,4.357121492664049,1
542,-7.525622429550419,3.999249007863673,3.752343568409442,3.179113069221029,5.3734839817088,4.505617996675078,.7525755558368273,.9651413942670537,1.744499412052499,1.108387256425359,1
543,-12.45994245862482,4.635182075637056,4.401340979720553,3.581516747414578,5.252238969830336,4.427381794095032,1.505912245994039,.8659571064088266,1.921679527264712,1.433401793186902,1
544,-18.37679020092844,5.336780314737689,4.083438853095976,3.385492213724647,5.154205125034928,4.476475785774298,.0483694895949488,-.548128621016054,1.703837098194607,1.355484334974704,1
546,-17.98790538457555,5.297144275803071,4.108164329503593,3.424492724391353,5.115345237285259,4.487035817368587,.1510493835551403,-.6445252133339673,1.740465513187096,1.523923702919069,1
548,-4.071398680256576,5.066635955840171,3.797730783126708,3.177344152851067,5.195047031645569,4.472686448411645,-2.075755061534227,-.240861097366596,1.636295035083642,2.3855242251399,1
549,-19.24417973253759,3.695149006142608,3.768882322009132,3.555028881666223,5.15854177625062,4.447558687093651,-.0476721729652195,-.4261869974039186,.537983388006935,3.411515967890159,1
552,-17.39974679966976,5.081321109212402,4.056385448035241,3.089942514185841,5.400099031612802,4.282873003132901,4.991308172305097,3.317063221974409,1.421191066777152,.8597460866841363,1
554,3.673422024621062,4.184251833330386,3.990701842009731,3.380821179818217,5.21713854039111,4.460422873247169,-.2291075295414244,.3018740762672498,1.338774724792668,2.310102683660146,1
558,-8.569781882980914,5.293146981452962,4.32616894527894,3.197656966163316,5.19743536776035,4.446288377658887,.9777296137365632,-.3912053412305302,1.282077091605414,3.072808037855705,1
560,-16.65458623727277,5.949407419687046,4.097404571767742,3.179166121114139,5.201580120373795,4.463138602068513,9.159592186951645,1.701816488328144,1.863135775181353,4.039534789448123,1
561,-3.819406036350623,3.656434254141183,3.907151501440449,3.864724577597048,5.118997006465562,4.439582917376105,-1.838704990366727,.7226117315930246,.8660922931693634,1.361040182886045,1
562,-.5108641244970431,3.736062930144765,3.980465856805757,3.185572120133804,5.167869519525751,4.461342687538705,-1.355969652295783,1.566616942041407,1.044594120583862,1.623001002256397,1
563,-19.29004443311986,4.001938684058266,4.233301466329685,3.384527126496832,5.307824596484435,4.416682574523795,.34366324539633,.5975204323836268,2.045918429361139,.829384777359657,1
567,-18.59772676200189,4.260894145901394,4.337467711368403,3.627197296643416,5.239424106971663,4.453730388140333,-1.022600525521107,2.637362090693848,.9230186207545458,2.028381385309403,1
569,-8.52566157934185,3.978400456667003,3.957207367173489,3.051700168851608,5.222535211476472,4.442952470130908,-1.500345014109534,1.404570072826062,.7952018301807463,.9324574859712325,1
570,-1.720892606959224,4.154446972682009,3.941011515836963,3.377962833555627,5.362244541519591,4.430307930496268,-2.095460965631275,-.2826904660471896,1.812015165039907,2.104096165296573,1
573,-1.751737702893937,3.563798931570339,3.884099388617984,3.249332241007863,5.23864293305496,4.513841338831964,-1.369744060898742,-.9971334752802065,1.857668354457217,1.416874847951464,1
575,-17.14684682687962,3.829964277457865,4.321727504702008,3.32420949280057,5.296124152723044,4.470470653352105,4.71702735385561,1.093822011945105,1.775487460996451,1.920324431059569,1
576,-19.87592901080555,5.402855851681511,3.886451366328507,4.078906155646989,5.195522580918061,4.446375042706991,-1.34416483314144,.8482521774228589,.9514798287652181,1.197696310172522,1
577,-5.790776991213796,3.962374463579993,3.663646129839501,3.873515985795569,5.175511531488191,4.475337354215175,-1.509910033166403,-.0738890334667009,1.016200732151563,2.833516133057764,1
579,-19.27483276435933,3.823599086701796,4.203670946988385,3.234119881217547,5.297953565580762,4.463585288085101,-2.674356970005109,.466791918673904,.9829425599424896,3.027088696464833,1
582,-19.93471200100295,4.493388358498925,4.680838012253753,3.534397921550746,5.159974411074704,4.408889703842039,-1.170876628769858,-2.512074753147929,1.538547295594034,4.216373458858367,1
584,-18.18077179522825,3.963768247873433,3.947933314523192,3.796044573538005,5.256491853982457,4.466513277284199,-1.020159794678807,1.18379382109768,.9704125408675899,3.241327371559895,1
585,-18.60026654861299,3.072643304859562,4.151334494848727,3.438721198435793,5.243484665074086,4.493059191320627,-.968700234078585,2.827940430355045,2.335665571461361,3.335813405649673,1
587,-7.806233867062446,5.428303170909536,3.924741468968853,3.386925149264945,5.13437315982504,4.500617251574183,-.641499303260228,-.0364694284029396,1.139363683686175,2.085283419963134,1
592,-18.40401932212707,3.960191756055982,4.175327802974153,3.452494798801796,5.228305591016844,4.460362039871856,-2.265528005389719,1.048803637647639,1.674685670300525,1.795115180424093,1
593,-18.18031480473732,3.435887245512093,3.882131179969233,3.465828795885488,5.325102777120487,4.475727478570438,.7344091026960156,1.307610917693355,1.272843253995282,3.92498623121931,1
594,-18.27844593304191,5.182218319343098,4.244819361166779,3.263330192464473,5.234699502433347,4.505388784450992,.3162557551455406,-.7585201942068166,1.692789731413612,3.042011493568896,1
601,-11.90996785645484,3.94229320866651,4.211353963809696,3.226797518482646,5.293882216866053,4.439336313628466,-2.027561233541677,1.302545252844996,1.053684763533251,1.961923811969014,1
602,-18.79008075210692,2.679827478137006,4.241740964781211,3.407668571845859,5.402781472792663,4.498759381170105,.7149730886610152,1.548526743445629,2.318673023622767,1.804848858220246,1
603,-3.266368710184831,4.94506794780147,3.620733929337203,3.071609376446958,5.19938558382401,4.51248014088712,5.905866624571296,1.197674893643643,.9946352922367102,2.547953265487346,1
606,-18.98369797803145,5.08450298756717,4.065085864181934,3.471388311526389,5.297345724624018,4.457767479324913,3.2107431997808,.9370058548841815,2.027973743477093,1.6793136174944,1
610,-3.09249296027824,4.786079171922793,4.229292668560586,3.297541072150359,5.180952763332327,4.391993212191436,-2.237631692898206,-1.042202632358753,1.573271861203391,2.940487096755063,1
613,-19.80844578063827,4.385596353384318,3.887317549173497,4.032682609474489,5.175441216549339,4.413727628369471,-1.228825160606219,2.189322057183367,.5683100119347432,2.320016591352013,1
614,-18.05152734026408,3.747496706435356,4.024717319519479,3.384408262910582,5.376777785568608,4.413438890345398,.3228970197112857,-2.529735516735596,2.533780045611884,3.436726771604492,1
615,-18.3995399413456,3.869413090298922,4.135582048190189,3.43303572502023,5.277495161696854,4.45244172407266,-2.413087767601561,.9763288336594578,1.664126197440545,1.830490329171304,1
621,-18.19644869125215,4.49646795041915,4.033276105152884,3.404800051488674,5.292140584671007,4.484229748815419,-2.278746653003941,2.220399742418463,1.701738885963748,2.733232311970919,1
623,-18.30068945252545,4.528168436474398,3.956369503996776,3.46639816596534,5.289222936847253,4.498969025280429,-2.331232272885583,2.151059422126406,1.678845617391265,2.763683349625699,1
624,-18.03907950967096,3.513280518165059,3.876132479456182,3.502119375801652,5.36136001291903,4.469043682951031,.790987143026551,1.287090572133534,1.307472625709217,3.882918597379349,1
625,-4.366778856887113,3.833631254746996,3.887412577414832,3.342417214149915,5.16619760969726,4.53039380288318,-.6451497554108256,2.586605660394319,1.745481835634063,3.045639987235452,1
628,-16.98393240454765,4.617715283532197,4.694976980956501,2.897853821898842,5.209698511947623,4.46959493237389,3.4134491539613,3.32545106475805,1.545718573918037,2.153462277563028,1
629,4.572564029356623,4.201422736207561,3.974304360752382,3.403042665475688,5.240371638332447,4.44464194279228,.1191932648304636,.3867620929910421,1.395319629647876,2.216076503902032,1
630,-18.501026405466,5.450726936199661,3.808432481475028,2.936529176575884,5.136009589660326,4.528648490037537,1.473961806860736,.7794699094167705,2.4312046663781,3.338246543945012,1
631,-18.4750514069108,4.195105266907966,4.042265104282987,3.244922839604884,5.372180130000813,4.490615357571234,-1.69155769113596,2.170889649937948,2.064842102286005,1.329663603498638,1
636,-16.96396450737063,4.212293224535478,4.337880786090467,3.826595685814597,5.204164006372058,4.437171341045367,2.099840938469804,3.501769432223344,.1739501809176875,3.158810867874741,1
640,-18.38077049131117,4.078966867500566,4.903976459224302,3.345217270119184,5.031554554967648,4.475996815188532,.5362366240472634,.9116917294512621,1.796112080903034,1.779915049184113,1
641,-3.627045899269207,5.152856581917121,3.910193367771854,4.004557754265867,5.096964133766299,4.446532838496287,-1.997577733069255,.6275132787918694,.8765626661649391,2.679239606639609,1
644,-16.43555740427263,3.790935628950605,3.826025772748094,3.535029037922465,5.194727921117709,4.592763040114572,5.671080506132113,2.782210962278396,1.83196655799552,2.949258885815822,1
645,-18.67898369342241,5.70382049926562,3.958284408646635,2.469362049645284,5.197126913776642,4.42071860525633,.8224363686637824,.2884519435076093,1.730921182414689,4.351593424936498,1
646,-18.0929414124506,3.911395084306748,4.011754827719548,3.382135531542006,5.366557995640927,4.478510359019621,4.721636333778929,.1799798238847813,1.867007990561903,3.33059759151014,1
647,-18.06436276311378,3.439984626571296,3.875428715629025,3.468365322529313,5.313841232766508,4.446224266114056,.7830621365267705,1.341407393295445,1.269686029530088,3.947493945346698,1
649,-5.855442990590058,4.100740916457448,4.109588244172024,3.183756459745501,5.219304123388423,4.508802577022581,-1.602470365387595,.5143133275211845,.7654072386031989,2.547729306959401,1
654,-7.715680295279875,3.773202330503321,4.559536432066321,3.335636789955416,5.117220216386679,4.506919386309684,.8746405237269655,.627869452835171,1.954276087907943,1.108892425397995,1
655,-17.23142018139739,4.412991762297723,4.114347313990306,2.924994999578161,5.30715797745928,4.498155945067859,3.587976635750022,.3753526620621127,1.893755561831347,4.548150678145767,1
658,-18.98493070745282,3.467185480430719,4.182991714196064,3.212649511360649,5.425416052891991,4.476000707787019,1.214949645091852,-.657525498422534,2.323448105047801,1.511142466473003,1
659,-1.759760073002996,4.217703671028906,3.975029588599509,3.304299758318389,5.334938559829377,4.433463079100918,-1.832162615243675,-.4364414316933085,1.859533098829941,2.031178494611899,1
665,5.095192958892396,4.078181290738974,3.918773150416389,3.390738886859002,5.253672221031145,4.447533116976855,-.34094106260154,.384475862396943,1.351063995773926,2.275834168483743,1
667,1.797133912165984,3.878576433662372,3.814761184263757,3.28318386918279,5.198040191085711,4.460400750030185,-1.229013395991477,1.359594594144482,1.155831941017975,1.842213597145842,1
674,-6.487681714666568,6.052380882716279,3.668216453368363,3.106535119585135,5.202860920884548,4.428189557469828,2.09276808841183,1.359161784921131,1.17447900002921,4.052896489428167,1
675,-11.05898211091119,3.881409972552768,3.740513976748089,3.786229213533958,5.272592043424638,4.478537694907749,-2.296055884252937,1.366427982820724,1.112715596077244,2.033522959927114,1
676,-18.09732824011772,3.069984706642564,3.958198340928519,3.56742448615412,5.261418749827184,4.487812821310015,-.3293610179327959,.9564256406203522,.9182569415397533,6.760100937754687,1
677,-18.64831924749687,4.2806506518363,3.61319862436119,4.166449738497533,5.325868671548688,4.428399160973796,-.992335145755431,2.513301640467998,1.454027151400287,1.244526164612552,1
678,-17.78252016591953,4.090826072329699,3.877560441731032,3.958757383150582,5.186884583903099,4.444009748987519,2.560928641315734,4.623133417090818,.8923406674705596,2.611462162692537,1
680,-18.57252616440764,4.543002021941335,4.230481285134511,3.620207528045623,5.242616478701034,4.440735332967556,1.144738751948432,-.9118113265241161,2.087103774303941,2.77894529296246,1
681,-17.96987337231593,6.592805790976131,3.978791467069076,3.462150839212622,5.268522323263767,4.419944436618321,3.429297359321403,.0468885956383326,1.322518803895822,2.510902692746913,1
682,-18.08876292001294,4.019091365559894,3.997460950942598,3.868509231692475,5.204224860751927,4.47283646606662,-.956986320151597,1.158165352987352,.9213331653357978,3.270310264318769,1
684,-7.489981976478155,4.828163260440295,3.77419985522737,2.759567924600034,5.417660530449345,4.460248499500251,-.2564501923946593,.5598298924418195,2.216583998838188,3.448114745572032,1
689,-10.77754658557031,4.600808400796519,3.807883548683411,3.566368519341452,5.27191852458901,4.482024076744301,-.5449229359312705,-.1897048714342385,1.80078991503241,3.009935535070267,1
693,-8.43612016855128,4.866173468473519,4.059986681434356,2.974704134262063,5.232408148730369,4.47511400340573,-1.711208725296512,.7144679178222306,1.37737490207736,2.618590406945764,1
697,-4.165864103992956,4.551280509147649,3.66482446643845,3.731787557527665,5.122991063405328,4.416099336974509,-.7067696064362998,1.549859994481608,1.064341230401668,6.004333206956281,1
701,-7.447511128061275,4.186985676584778,4.136702599088646,2.712290429049797,5.128302465528809,4.524474729290563,-.1840197487033184,.0826232266229473,1.384195374132908,4.196552920783381,1
702,-12.03902104987556,4.664658634822395,4.371288901646814,3.619672296595652,5.256714803765705,4.435557356160611,-2.086341594123952,.0829787827087505,1.959382344731898,3.2615459966575,1
705,4.522611659428266,4.2158088395168,3.977337822452265,3.492086839136884,5.256671859742896,4.440835171903608,.1712009094259606,.3551010857362891,1.441659327414104,2.213023980247013,1
706,-6.847707119126684,4.83792410360524,3.768995298982407,3.113715889744337,5.287254793294378,4.468021262194368,1.510730343427749,2.100484316071872,2.352851052137031,1.957251745020693,1
708,-10.94443911688924,4.198927698109928,4.214572019611295,3.426938462869589,5.204173455076896,4.436134241530215,.7309334248505264,-1.633752532797684,2.474456792095867,2.282718016888241,1
710,-17.99683968394486,4.681108764110925,3.877363509026546,3.419511725305054,5.296199142831836,4.467264042556087,2.324111941522385,2.204599707491341,2.273076882345487,2.245207322770332,1
713,-5.221911853116534,5.012971940008315,3.861346311854642,2.992687165422686,5.24618669885339,4.501617048431247,-1.187942023585734,1.266539406584364,1.459238431605213,1.971507275947068,1
714,-7.828606428115915,4.840799135510879,3.85627458531713,3.730434419615521,5.264901025334674,4.4574783210861,.4508257199740051,1.3547470988033,1.693001842017869,2.481158641741623,1
715,-18.41243332837684,3.679894667273371,3.953817483839565,3.767616176661914,5.203481234750235,4.469498449004842,.5894259170701165,2.157847625806617,1.200651787715805,3.539762436373644,1
716,-3.733861476579266,3.88089647109857,3.946881222763651,3.420227970530089,5.214764160074379,4.448511259283065,-3.132345962245186,1.349881658038295,1.083051285667828,2.046206695109936,1
717,-17.90184051038682,4.753110586482399,3.846882597488489,3.636167169304086,5.225672106223249,4.46792303094001,2.916865838089223,1.775031800391001,2.04742548008721,2.934399912525308,1
718,-18.48099242247928,3.571832894639637,4.085008616444701,3.126144221503278,5.350126263955826,4.483614923476522,3.592759208167569,1.869948403501272,2.169936212576878,1.961030324511642,1
720,-18.34023383463759,3.77562774504154,3.974175686749565,3.594049024471704,5.289994042838234,4.426967919209726,4.300803295499706,1.087136545186701,1.876469474026018,1.717243663377418,1
721,-18.34637195174329,3.943418769707736,3.955797192491104,3.874417627100744,5.220922583499538,4.472278740137247,-.9478681559734022,1.261297883689484,.9920099881286013,3.339125115413343,1
722,-10.93666166721287,5.634404574973827,4.222172357891658,3.39158345956709,5.056038414877718,4.463871333676333,-1.437157339196923,-.2790654987696879,1.342922548736732,1.573449189423516,1
724,-.7917423073482076,4.602471850934478,3.966255180095177,3.371154054924885,5.278601420229092,4.405863540509375,1.292472921452922,-.841451730380585,1.205418400869475,2.72357744966423,1
731,-5.553996974886497,3.984331031581847,3.713108247571706,3.128187838871219,5.149327374062939,4.487050379437702,1.364942836341865,-1.252662710414564,1.115301246944527,2.896131189447003,1
732,-17.51987176035285,3.706218303115896,4.338973558539866,3.250233749153474,5.256110909880036,4.49372438225538,4.653916581163156,1.16251267052827,1.687682244779502,1.738664765906281,1
737,-18.04146938257782,4.149926793793354,3.889399273289794,3.545928109915027,5.323400055080716,4.472733058595756,-.7161965435646007,3.308305058863993,2.331910315910591,2.602516889603264,1
739,-17.41083872772721,4.82405338856261,4.298828369112644,3.527999052223002,5.125819162190989,4.421787911233857,5.697872037497488,1.149246647796764,1.810035071160625,2.42680498328677,1
741,-10.77927030814289,4.577158207562947,3.763162322449185,3.661836451878355,5.329842506088177,4.49487308769324,-.6595675014820576,-.063659246982942,1.809658334310764,2.91923152993534,1
742,-17.41825433980675,5.595663569305979,4.333139616711035,3.088198239728485,5.209614083658039,4.428528492840907,1.743102772559599,3.382645478847199,1.091481479693726,3.159842103977388,1
747,-18.32252064712914,4.013752514422604,4.105475939393901,4.032656425288842,5.281106887106342,4.407801365175057,4.244698658938567,.9612782942987184,1.370031387289328,4.562036193873513,1
748,-4.72464166131356,4.011551522223785,3.93554650250898,3.31842315826186,5.307032966761952,4.451072612929057,-2.966442251685441,-1.076130315782394,1.598083288856441,3.663749126185888,1
749,-7.89149766327059,4.121846446606787,3.860773270962676,4.033034858389499,5.272982699821391,4.513552639506914,-1.842981270951337,.1354863531876199,1.420012344826689,2.400817079492848,1
752,-18.56097731213644,3.325957934870333,4.233239827441576,3.615194510197877,5.056134332557036,4.476585498489606,2.490997476002877,5.025500733123908,1.688439576433852,4.080743945616041,1
755,-7.82976981168339,4.089280387620731,3.908542059448874,2.88468647598352,5.239616971914845,4.489851068994684,-2.256930618546222,2.007421698942432,.6349409199319648,1.894572702510795,1
757,-11.50023959428072,3.503078076676606,3.920482717084523,3.278804779179885,5.351084649182692,4.494760595719931,2.733965521143797,1.307126376978555,1.437363183132458,1.453877539723615,1
758,-9.00181367629245,3.762093398843909,4.208703158907347,3.145333133428231,5.284541429547616,4.472084286213877,-4.298272249504059,.5893632947596233,1.031079952453332,2.244860409457901,1
759,-18.47825207563422,3.786616759220557,4.141453835204116,3.159219440690028,5.269731261069875,4.512259856500583,-.6052758232170051,2.251578123687372,1.618938881401948,1.701169527210698,1
761,-7.899764352717931,3.857286381710651,4.58076359095511,2.716860857343612,5.224558895702513,4.522161315492534,-1.484321427671817,-.0534357409047783,1.473370750103079,2.246686011331042,1
763,-18.352295524624,4.07090701372725,3.858799960940301,3.265118451233912,5.262852380723865,4.462633786935935,.5850466374128299,.5048877873833011,1.448047392312997,3.826738171453,1
764,4.632567746574128,3.970421955571299,3.977668391814618,3.387347474889538,5.24158199284354,4.447585278008604,-.2298433929267783,.0798040433158083,1.348685402859852,2.234719610284632,1
768,-17.40234414038955,4.396855076212538,4.286449420697855,2.976961801825304,5.282177358508568,4.482444764041242,3.650718304724415,.4588508399415756,2.02957810089392,4.687936940132795,1
771,-18.39497213819719,4.050659046489828,3.977828844702073,3.817975646862925,5.242422372362674,4.479673086937529,-1.049317713534776,1.144498925362119,.953323694606972,3.329688571268886,1
772,-11.7233511957748,3.857086141914609,3.677654405229978,3.693304470514549,5.236108816478265,4.471603333860962,.03616271529729,2.042106906474015,1.779456114497868,2.007254949225641,1
779,-18.11432593220399,3.861273225729354,3.917861550003724,3.484427484493076,5.266297692457123,4.455949963969531,.4326561302708475,-2.165474233827338,2.622837030481168,3.362390399671601,1
780,-19.50058498591655,3.265104890029986,4.122932071249595,3.471549636783747,5.427185692559366,4.471352613990799,.6044302636431197,-.3534473804776562,1.352385142129253,2.725866008448504,1
784,-18.90932719255616,4.883140260782155,4.634215642512834,3.484326029887658,5.09203545455684,4.488586367425093,-.0319879667279759,.2798907008704035,1.396445249239995,4.950514705156233,1
785,-8.900832544560593,3.72760373203743,4.345481943514789,3.602325046051809,5.116171595442029,4.43142133732718,-4.506871528405722,1.977588282619344,1.297544705071928,2.515008705007198,1
788,-18.79178613540712,3.884242106443207,4.133316559260726,3.222036648771033,5.324357119701453,4.412706340559064,-2.638419358932406,.5191563167769055,1.253411000602755,5.708282557481987,1
789,1.858055246834548,3.967248152286628,4.000681588199826,3.371520190118936,5.32579983872735,4.420710614484638,.6691412012648765,-.643807970156238,1.284283129378151,3.097310638010804,1
791,4.908041153934181,4.077560626620862,3.954504495473094,3.403511447637872,5.235447387116536,4.462403062132158,-.1400996321953558,.1491173658588537,1.270788656191221,2.179350902368066,1
792,-18.84397902221552,5.433567954836636,4.235409701341722,3.15463048071218,5.329459347071662,4.485992346599731,1.35760541917132,.5878879015993749,2.207236365080541,.6012336558230376,1
794,2.056411925093736,3.8566555496854,3.84168473603494,3.243545317190065,5.299927735001293,4.434771156211553,-1.46073374531706,1.272360965202492,1.074943011140277,1.880584470584538,1
798,-7.012048051586899,4.12769024713073,3.946072002125968,3.215219195742217,5.197157856651567,4.476889346531968,-.806190969572455,-1.83799537715341,1.285591021535796,2.966436578325341,1
802,-19.06150999509867,4.506854360445388,4.204022763256996,3.059473426824546,5.245709628708766,4.470587998224252,1.025693481121826,1.430734194843776,1.266814214301417,2.661252343422993,1
804,-5.46505872297729,4.627115888681044,4.000696977559475,3.378696215535466,5.16110598024378,4.47360678884098,-3.012353479476031,.6632180728932133,1.355571341742292,2.074456980811695,1
806,-17.98723651106214,4.629517044719576,4.002515553480515,3.478078995548052,5.287133785417593,4.500890147461726,-2.120175131341791,2.192369639518095,1.781610112833462,2.813251685422134,1
808,-5.64139042403874,3.98394005599189,4.040285702018208,3.931244634684533,5.241790549091937,4.446764334236559,-1.331331569481342,-1.029317186343855,1.544287291133135,2.672907063323732,1
809,-17.97521992164852,2.684046517202864,4.478463520740686,3.622442821783142,5.206519184227489,4.470366359830741,1.479643966369921,1.876133098840201,1.655505876131615,1.823433267317224,1
810,-3.38479411580821,3.774496000521659,3.92318204720317,4.192562208712705,5.195768475613489,4.486582028054698,1.343142701430448,.7851075599944444,1.383874861924125,1.378265703738522,1
811,-17.05538438104476,5.211175359795197,3.886304279899902,3.464449658320118,5.093644420853127,4.515566566675331,1.530185457282953,1.433191394071764,1.319109786821231,3.108430054029583,1
815,-18.2842140212604,3.73134426101769,4.222428957933867,4.321465477947826,5.202185600698217,4.421309039936108,.8342990408247705,1.15234916451164,.8499931209590357,7.27550220490022,1
816,-6.684560727188022,4.198075428449915,4.025531203131089,3.779504703677846,5.128736390945328,4.432120350850759,1.510537374014872,-.2789310441294297,.9609821716522137,5.299590176146243,1
818,-17.55009693895065,4.388069103424737,4.313019398936703,3.262419233892944,5.221474517011698,4.473115486328834,-.5671032445186138,1.756775179329099,.9718507718111554,7.361565794491432,1
821,-19.46422354300214,4.696518762339418,3.946046967500381,3.52753150487656,5.196432941743677,4.42600583730446,-.1007889382592864,-.2155331774391172,1.267871952428687,2.721546064826436,1
823,-6.450847642078224,4.506443712734291,4.102184140039479,3.206940509384167,5.17104602369759,4.462087100198612,1.785865639367039,.4876870210298241,.8090476307618663,5.144005045497605,1
825,-5.892114112969793,4.024779391575524,4.078629551930891,3.142734083473613,5.261531934300761,4.5163504363168,-1.473635967640698,.4530705879146981,.7667659429615049,2.412389362380139,1
827,5.086221546837101,3.985850936801169,3.930829740107911,3.371498157756768,5.225216673759624,4.445909326197315,-.4821603997689214,.3902524859541988,1.271403419954778,2.244406741687861,1
831,-18.40080555076122,4.367905720587792,3.87181902211344,3.537626161759501,5.286575193367308,4.462212759888658,-1.318390762171302,1.035934730181958,1.488926293684659,2.18612662697798,1
832,5.155747594491425,4.024128527453416,3.95263130559549,3.408517164920462,5.217704111900213,4.457568834626034,-.4244001916602894,.4366396980014784,1.353177534184735,2.224330102657769,1
834,-17.50651689664616,5.216520860922398,3.835550386885881,3.442478855204114,5.09960821595225,4.536679566771986,1.507264460004907,1.343805426482582,1.343560932296377,3.047537581566075,1
837,-17.34680904514133,5.648790098528794,3.903888664285406,3.556623766126321,5.106007961578448,4.452515668432,5.268076339743543,.9433466577144136,1.690243730878155,2.844436871674858,1
839,-18.14196006870599,4.674040421982392,3.857927479434915,3.626681869874202,5.23758673253871,4.513708436191169,2.318010998038142,.3589731963031974,1.131066439610174,3.881667001812869,1
840,-5.044488032931142,3.919226914180911,3.735707795036126,2.956071109333244,5.318546259121073,4.47477141231944,1.560741407312293,.2993682822473823,1.044826537267761,2.952017337860534,1
843,-11.55245451200221,4.339397152785125,3.479406308624137,4.057798150335383,5.207429978091505,4.495588096025129,-.7132831394791403,.5351663477736319,1.014044806078895,2.161407291982167,1
844,-5.811161409648771,4.776254706864241,3.598760804466029,3.140308373408499,5.233310820335653,4.495698104126648,.6233658643307726,-.8442583634308054,1.327602379229078,3.23367558498108,1
845,-.6283567488884652,3.931625158651814,3.928660900312892,3.474975427876448,5.397783568033105,4.423904116247881,1.276942953328441,-.7122185251847041,1.302213334464504,1.425691297229584,1
848,-11.13828376828016,4.051772224159841,4.039388381326207,3.454823582305432,5.289228190026292,4.431730543917926,-4.69849093800072,1.307599031902821,1.086983738725344,3.478278193569428,1
849,-8.019272987110586,4.367793625416875,4.371664886786474,3.379311614246152,5.059883803363028,4.482211601072589,-3.548710036885121,.0897335121394835,1.711318640585981,1.617064228072525,1
856,4.12237510432572,4.183282186606269,3.975356547842434,3.361491486069454,5.219633413722073,4.444570649537059,.0898524284608812,.2983089868116959,1.364001168768383,2.0150949952243,1
858,-8.809016922227825,3.519784340941581,3.675124389474425,4.09399764964333,5.240395510461214,4.479339762660403,-.5260212941042463,.1849018633502967,1.71136519428703,.6865109851931016,1
861,-1.372869875983504,4.018472719188717,3.860197538394125,3.295332176050107,5.183137893328733,4.509366325710931,-.2733691753881778,-.4546530382404291,1.192374089164793,3.039509612602274,1
862,-8.603431610961314,3.22973472944182,3.877195917290358,3.807129176988012,5.332867271632338,4.550888361057797,.0851970773002037,-.7593913559220363,1.90344602232621,2.042340367500182,1
863,-18.26381896746767,5.471451057752453,3.58849547366958,3.030944804774595,5.250510865243367,4.452862161248495,2.923482704138851,2.667736525404302,.9156117380686546,6.003525347667112,1
865,-17.79383599987272,3.667588704372271,3.286932788795237,3.331668406184037,5.595639184677263,4.476812508046915,.5649363054150895,1.882187965183263,1.026975248507928,3.843090861685492,1
868,-6.971195929025217,4.074764838796813,3.980700493536163,3.223733116135944,5.22168964524244,4.477869209985819,-.9661021221460632,-1.87113096162892,1.317440596097614,2.999346977768528,1
869,-18.15480762674014,2.832115349439088,4.283618265706938,3.479132603751783,5.153471079931009,4.522919076815487,.6179995594819288,2.1969329289932,2.094985463217319,4.416065243227372,1
872,-18.33221309256201,3.294932646517082,4.430444847530579,2.931413798393526,5.291163819119459,4.46899466389324,4.398880835047338,1.410949412241109,1.422567888238032,2.125338865522665,1
875,-1.812839985118278,4.065940191400766,3.914924391255794,4.282229110947016,5.16308570039898,4.44543720476479,-1.129525555938277,-.4445908190019398,1.023280896289521,1.589419251546251,1
877,-18.88591058505477,5.74207247264756,4.46896120717072,3.605622544510618,5.146062579132058,4.421874751885607,-2.300392711250261,.5671089621974812,2.314247646019585,3.026546883955878,1
878,-8.52615289076536,3.951290630753572,3.676665844214838,3.208836500544307,5.183489446936594,4.465273339826101,-1.50239942316244,-.6129049984124753,1.339238535688758,3.839580848160909,1
882,-2.310429638574555,4.073798495707856,3.739843549956801,3.219248337332465,5.235394204865329,4.44161922303865,-1.294038684552053,1.120586411854658,1.128379441500736,2.972272398944391,1
883,-5.369882043307364,4.612362147087579,3.813172337739135,3.393675473318023,5.193083495793159,4.512515473455357,-2.981227136198875,.5978500325035619,1.484078466621995,2.327262598589497,1
886,-18.51736762988179,3.970096755648152,3.959573603750207,3.833755098130063,5.213979807585353,4.479277221116416,-1.102172285360756,1.171206860050592,.9361347480334599,3.233565432865872,1
888,4.541437490873633,4.258203441715133,3.940477488818531,3.389852868961988,5.230662675413986,4.450664332850519,-.5603542426209182,.3712032637967677,1.298660050149954,2.52548651893784,1
890,-11.46804365536766,4.44765242403193,3.751570916450127,2.988562870042891,5.493190580514674,4.42611406947421,2.129470461362749,1.165084227587865,.9774343410662863,4.289297522337145,1
892,-12.46903380467784,4.190071308668105,3.919699038120817,3.48224809553593,5.336878086402714,4.450173853563393,-.6768252871904626,.9847159873415083,1.354364186140782,3.463862020389697,1
893,-18.73614591334484,4.337071734055784,3.793270773878866,3.561504054742697,5.452373819957662,4.460039896868906,-1.389629178509894,.7933093429070385,1.67517529036835,4.116100611602793,1
897,-18.04979173280141,4.121709091870002,3.909479516416015,3.277237505756323,5.3617946078713,4.440001105573423,.6876806933272397,1.520100199027841,1.093357669602571,4.614618702168714,1
898,-5.109502899259378,4.065519242201667,3.532124285112745,3.051038857359757,5.224784132181465,4.444316807500166,-1.678407712411206,2.527239980949507,1.086992452665403,2.439062936954932,1
905,4.672741496815694,4.194355958330084,3.937264172469858,3.378192605234443,5.26503898443066,4.451893233651868,.2324470911358487,.4234899792740928,1.440656844946688,2.261372419603718,1
906,-7.549839488797129,4.945899214290497,3.933440760922775,2.789788467096808,5.367532758074119,4.497334793969657,-.295345555017303,.6868954478647998,1.984749685830379,3.322924313660431,1
908,-2.600090707851319,5.052897958953148,4.027639982614875,3.397286040272631,5.207511078958188,4.468070580264793,-.5983095416480232,.1065124954963148,1.128469125877036,2.508194379291563,1
909,-5.421928380400149,4.71336001705282,3.964969452531905,3.229607708456058,5.150195822152964,4.470720434656973,-2.592694255798192,.6606503744898814,1.382254034987988,2.043085029537936,1
910,-18.21184258494394,4.017923170569683,3.905846910152057,3.809196467332098,5.203510319782737,4.495042266625508,-.9933830354916048,1.138364297208058,.9042845352871435,3.273134397740399,1
912,-18.52546236375392,3.959151035972434,4.019633495337994,3.272918440636109,5.287245667924452,4.437835058475339,-5.481223387369249,2.03858017183123,1.847817239696582,2.986531978649948,1
914,-18.89090602884099,4.561461251766615,4.233533462158136,3.036903559260499,5.297186519576877,4.480757410878307,1.708356544370358,.2547606988840708,1.792182613995335,3.010841885843155,1
918,-7.157461200664527,5.529154293537952,4.14219137737389,3.340161392712145,5.202589190785592,4.42474160581674,-2.432572985274651,2.509998190824433,1.270170969910053,2.81263324021568,1
919,-18.51467793625804,4.457084863353789,3.979548529917558,3.52569777055605,5.274545551135592,4.453801910249986,1.232649497711087,.3091216957701334,1.25450088048984,4.935254073133668,1
924,-18.60506911807827,5.042047239550445,3.772841007946451,3.428841673685766,5.134474991385967,4.485597991626307,.0931195125675012,2.823887584444912,2.521529514804143,2.526195459995718,1
926,-19.09426477303867,5.547592811268891,4.023442476554958,3.083472905096391,5.144223798079799,4.414735454010083,-4.94116587021042,1.749722905224692,2.437715484728407,3.008841862960666,1
927,-17.78742115283967,4.452769023026292,4.211071340749929,2.867600227970282,5.265033084141738,4.40322626318493,2.796169712960124,.8482983341691824,2.739525022310551,2.861908747877253,1
929,4.641870509814207,4.176825240566046,3.98719165370116,3.448896559482431,5.253061945603877,4.456372120956562,-.7836288756272001,.0777150069075467,1.404116065404969,2.173973221950463,1
931,-7.875190310063126,4.1332519119862,3.894373472620051,3.028461896848288,5.253297452940192,4.42708176930578,-2.066901462843194,1.861961156156114,.6045271482537065,1.970980532398153,1
932,-7.351622414192482,3.960780310558627,4.465998545516435,3.719371211341466,5.190090190733526,4.517884796255373,-2.402993007005958,-.5608859252075451,.990349835390831,5.220224784856222,1
933,4.640327064406227,4.145255781562188,4.023320743320638,3.431765468526413,5.241525677938362,4.445171693876469,-.7525637125762937,.1297208277238199,1.417514987362371,2.126348604172787,1
935,-10.74659474419405,4.002799887878582,3.648495831372859,3.302853608645709,5.324220078995952,4.472534053308521,-1.160057854735666,-.5541585057843705,1.493928369174396,3.146567907242418,1
936,-8.618621296880894,3.859641612777418,3.851450594962152,3.273629107059467,5.211743697081568,4.447949001908057,-1.513016198151777,-.5921299580558903,1.455042842964106,3.793281875029185,1
943,-17.69983830150832,2.842337085907444,4.536608852736212,3.787989298970313,5.219201534259622,4.487932620745706,1.516268725054879,1.810727210110807,1.632041660175279,1.766882500363657,1
944,-16.99483016711415,4.459297550947205,3.804790894659164,3.117382387026328,5.214688511720937,4.468300430643045,4.076986194775936,3.792072057629043,1.89616294336958,3.00748614952844,1
945,-7.45367077151549,4.83639053816769,3.926084457801569,2.715530817240611,5.380038350748083,4.464743343656707,-.3078713489402454,.4030488256324552,2.293253557571739,3.478650597993933,1
946,-18.69888857186024,3.554228208458144,3.959401663952357,2.507379580978751,5.482629861986137,4.452565054242734,2.972293751383926,-.1686276525410647,1.440613094154419,2.130616386902797,1
948,-18.43553823063165,3.925378945993888,4.216977726636903,3.418284704451198,5.223252974478572,4.474147457954243,-2.25707523080384,.9643145395478091,1.651552631231854,1.848207397086227,1
949,-3.95263468390736,4.641790605124956,4.367693052426272,3.122736933810371,5.192407852375686,4.396356267489809,.7533279563717792,1.12092678300558,.5862346763154248,4.98041179281308,1
950,-17.50371962066258,2.728266518347,4.260389827501384,3.477484846441546,5.093969855519544,4.595091846993836,.4354283284182591,2.065064731143071,2.093823444636059,4.413914348038569,1
952,.0864817759473333,3.593788768149624,3.701702851053222,3.456286245185004,5.250509718310101,4.522259989380722,-1.339026238123322,1.739276036539316,1.066485914431354,1.47080871988925,1
958,-17.03732826855447,5.001519624178893,4.096239975535886,3.687409152246059,5.129014485037191,4.470802104639936,1.348585497684156,3.02312056081304,1.718876607008513,5.143806148883073,1
965,3.707922546905357,4.136882954113195,3.973612641499743,3.30606768227049,5.214348057208468,4.461927174642362,-.2589106367990883,.23108340837107,1.323962258224896,2.397339956978545,1
967,4.180252651339714,4.207787035868004,3.994456591657764,3.385441551451234,5.231673962997778,4.476563362895549,.0647836177510452,.3701110287345177,1.388604653659898,2.17884516395359,1
969,-10.79838639655692,4.581666384432672,3.984388109457237,3.710208911557455,5.255188387870295,4.458234240164426,2.271490504284236,-.5220823983579724,1.382126703804803,4.087280674122833,1
970,-11.10152238334461,4.07535648700434,3.732348526055037,3.397465943643017,5.331481524192979,4.483001668551482,-1.176646850985936,-.5778673014147291,1.465528140208753,3.104217811580205,1
971,-17.78164856775242,4.006979998398182,4.157712073002539,3.996823153341771,5.177707043752826,4.420625096906191,-.6317968300495462,2.214891749761741,.3799081766270642,4.222396874886087,1
972,-18.92960839328886,3.664516940770249,3.66039204341505,3.325469648449808,5.298540703223077,4.466306125747971,3.505574554869957,-.0154304205191289,1.353163314367838,2.155408758912396,1
974,5.081138922090218,3.922649279924726,3.939579985334434,3.402844770191773,5.229938212932706,4.480245794284345,-.2331424155154572,.3365033034790971,1.327664518070568,2.322477078767189,1
976,-17.48412284774301,4.93896391791608,3.933589132013172,2.97185602095613,5.356142759199833,4.393315092501278,7.185966848363371,3.468216306547387,1.787766797238315,2.018463064609932,1
977,-17.17172438326324,3.902646231042852,4.661770647986965,3.685198651087963,5.059187812644944,4.4343854916069,2.875790095250162,-.768807313025341,1.022002863472665,6.152766169676223,1
978,-17.34992918400487,4.578307257071456,3.933351500153122,3.43438526312737,5.295660397794995,4.477619906931727,3.715773489665419,.0555402802037821,1.372712237758895,1.547637856742659,1
981,-7.123697145179244,4.074500791326941,3.845506600119317,3.472938985465245,5.161575633772563,4.461912760231193,-.974149790445789,-2.048777085868954,1.462689975010216,3.012866506225796,1
984,-3.362065308297828,3.61802537232479,3.91309368778045,3.056561600453997,5.306000349114982,4.465317138646109,-1.61758687326521,.7249402501763303,1.005298158255566,2.751625678263642,1
987,-8.021814584344645,4.615194470744111,3.492668096126976,4.496835920259774,5.23303728121799,4.462978318966959,-2.833787885142285,1.324840156770027,1.001464816240188,1.093098707247317,1
989,-18.23185130507303,5.658156328155781,4.026230700668457,3.595901717040598,5.132719189581022,4.460200886276422,1.187576399870768,2.398554121686336,1.248396423544251,4.500049737064632,1
991,3.572230104782034,4.059054356530217,3.965179630173279,3.344416440877723,5.217083480430398,4.455250410988672,-.3186448866174909,.3181615343317037,1.35282194852976,2.325956595174254,1
994,-17.49767024382096,4.495530615405067,4.15285342272262,3.398692441339585,5.252420264308248,4.450514340335467,3.473911975673785,2.505585284008698,.7033994830390385,2.510302337484492,1
995,-18.23143052274147,2.837566575877907,4.102353213756331,3.278058475185719,5.598819532131229,4.432285995989135,-.7130537383496037,2.140360468087331,2.836876850507671,.7940316268445108,1
997,-7.522882013280004,4.566213455905982,3.838599308688956,4.035906451457389,5.225217854211753,4.462588493809326,1.807017191277444,1.108277664340876,1.71864625969292,3.010377121292003,1
998,-11.22622070912095,3.704493167527995,4.003746031954689,2.679386413943627,5.388078790957506,4.46032093513881,.7342237373029512,.3755014153303917,1.409804016268913,3.160561312600107,1
1001,-7.5834102837909,5.574877750395887,4.344289406479316,3.276926193372339,5.097506270233513,4.40484889874373,-.6129684280016058,-1.269114147165489,1.594520071000928,2.170545236277276,1
1007,-18.74480679273734,4.409161428798765,3.921576841476067,3.483215679699976,5.42821186725018,4.4505963186319,-1.361542699890064,2.036728748417008,1.089566347196544,4.569052003248381,1
1008,-10.85061088902688,4.367429309716955,3.909800398574645,3.031762610638621,5.36434259838181,4.451664473725629,-4.563672354495886,.6660999801287923,2.102416945991383,2.221953520409303,1
1009,-15.93080354410308,3.519035517634983,3.952860344015975,3.62038920033645,5.31583138956241,4.522232517235672,5.522519212891642,2.561117544080722,1.9578748413125,1.580366253892248,1
1010,-11.24735190995495,3.238055038674975,3.961869310636288,3.034725393616122,5.317535519938413,4.480129664470811,-1.739735788682204,1.597982659644512,1.850204189548361,1.010235100173552,1
1011,-18.1536186577009,4.311123269843613,3.915950113840809,2.833759520855557,5.320925073457846,4.507111527642762,.474747790829205,-.4477154909669386,1.266366280796528,1.928089578854273,1
1012,-11.36876925733561,4.29398714407688,3.965547587822034,3.892005292715024,5.263188247491576,4.369393666139302,-4.439636165976333,.7594308768043863,1.195712349699201,2.05846728484562,1
1013,1.323073103116157,3.897090580438983,4.000637742336108,3.256980958761557,5.289218966671576,4.494575410495345,2.945657273888698,-.1111580861618295,1.074406907572599,1.686983589590265,1
1014,-18.87067950131449,5.675877148370903,4.009559019484502,3.615284738978644,5.266494202006552,4.438651209282101,.2547573832651587,-.1165229278501043,.8446319677797741,1.792885760532225,1
1015,-18.53667510540373,3.768911121935284,4.245322902171556,3.716469645593131,5.269361306860552,4.430808153099648,.9600882993501209,2.381602250596058,1.677828569726175,3.594773631019375,1
1016,-17.9444204527548,3.85559354385524,3.965847049004919,4.671184156222278,5.253744869354487,4.394654207323736,2.671064310679137,1.560869402751561,1.51112727794821,4.52718675102022,1
1017,-10.06699289286781,3.773846149541212,4.305516806489293,3.521173773490609,5.302395698446234,4.409022181671276,4.900625175644029,2.183569630647831,1.632377902014539,3.953232581097044,1
1018,-12.42038193959765,3.988920620869105,4.103546124546436,3.978507335597281,5.224092140256487,4.404885708340154,1.372212369869966,.929144953527871,1.511730347336286,3.558101424030064,1
1019,-16.35498131734475,4.559708401055014,4.006434296334929,2.764230648229818,5.298275913033314,4.518893310697313,4.051155390525719,1.661518299757613,1.450638652338769,2.937010662012285,1
1020,-13.56408888155794,3.480619991382723,3.773142635233095,4.839262106866807,5.249549205892118,4.38373763822644,7.046392675938762,3.270291939117855,1.797471472299857,4.242632663801979,1
1021,-18.32542110136903,4.372817208314904,3.955711645161355,3.939105398988723,5.286637041344783,4.44295150651586,.3088632894021759,-.2913987769668131,.3505274306667801,1.640971895167416,1
1022,-18.4119597508401,4.250623656648096,3.962652409351054,3.932118475180141,5.306437513675837,4.452539807113011,.3084709674257581,-.3991951963173426,.3500481767082829,1.707846163988324,1
1023,-17.69615794602548,4.426990058675806,3.892884001386156,4.188882420485729,5.256442756166769,4.442758140158086,2.851023426856624,1.4832917050131,1.480544731930154,3.427819355844902,1
1024,-8.112275917161607,5.529454799029483,4.021672567756149,3.704824946186512,5.295238789800701,4.386025140087749,-2.900072034054991,-.3831658061240195,1.12067977395665,2.41846882922728,1
1025,-18.87033813233676,4.303198268533526,3.940915296324798,3.629860597944131,5.260807131162387,4.411675711083093,-1.925158309405246,-1.637095580298596,1.634201178616719,5.185840853381948,1
1026,-17.82555272056337,5.515943989429188,3.978622524450675,3.541290602836853,5.163104239264356,4.475769970831252,1.881855808933868,.8352125816520717,1.950160647741413,3.097096272829813,1
1027,-17.92433745379307,4.289529234692988,4.041806676712614,2.85225593968392,5.291763197092803,4.506969914261425,.3696354730726814,-.4397499932215481,1.303684141054552,1.993682087216477,1
1028,-18.33057660633891,4.236388341937302,3.977839086075702,2.881700998390177,5.312560591027785,4.528007652180457,.4351030084643073,-.4451085719074378,1.328547353004251,1.948803052765858,1
1029,-4.612148058867991,3.118838022542764,3.808019008671037,3.139711473395196,5.201487395846137,4.535168595055057,-2.978888882848946,1.488837638815591,2.742642701758622,1.185156692413995,1
1030,5.211999851792921,4.056739338792457,3.990527704410517,3.371370571722993,5.281664042117473,4.443828317784646,-.3361718280851834,.5588489479565307,1.331465556956045,2.463865706970233,1
1031,-17.90401557065929,2.7729200235698,4.044123283032907,3.704882576203563,5.328084309549995,4.456214144356612,2.128576528330425,.4988461032749636,1.817875571024807,.2745216279159242,1
1032,-8.895193782997517,4.457027561832227,4.008167127860825,2.920317189025261,5.129804982701078,4.573237337110426,1.40013834154505,.1921782464087264,1.473775900685291,2.106926913434367,1
1033,-10.90025435831394,4.207323884910306,3.966612469350442,3.008433887277924,5.296986472694446,4.423191335306763,-4.398573972133422,.6472491195610761,2.0508619368062,2.244089111099788,1
1034,-18.41654458907552,4.336442564996662,3.980144404940568,3.955532214729409,5.262695375941941,4.452675238494471,.2992918438392423,-.3056768091105023,.3373992636196637,1.563553456835257,1
1035,-18.40214638051133,4.261986271252221,4.002763736284429,2.843084532198346,5.3017938441312,4.496673360542319,.3715422449540397,-.4088517246608066,1.27827699210985,1.906640353417808,1
1036,-4.673708487617382,4.785088356346741,3.945395114417614,3.082835575302387,5.160132474891134,4.499218622092179,-2.930993784287181,-.3203708019071333,1.960911312236499,2.891569356848903,1
1037,-17.95589444633391,3.319205902579456,3.995938291954639,4.315087846779627,5.311179724141899,4.46334219169798,1.966836725140691,.6903737394341759,1.960693915218808,1.962366415992875,1
1038,-19.35534814256472,4.297927477637137,3.963866852212075,3.990060444311601,5.29927941999749,4.490117277202967,-4.651104153131329,.0513857584005693,2.641068633120777,1.902669853987939,1
1039,-18.13750565563499,5.350259257239596,4.015018066619712,3.567028098433112,5.381427859090694,4.411381161292776,1.66625739490372,.773821330998215,1.054449596103074,4.042331497801048,1
1040,-17.63566669753708,4.56888723697972,3.967071373793178,3.026504082979198,5.099684184660902,4.529096893872664,-.4975991042924358,3.078059212345095,2.759400903988492,2.193512570905496,1
1041,-7.083100208853144,3.716305858893687,3.99833622721965,3.937121988488963,5.237267983632361,4.460899223888942,.8252652387955243,.3636965337772164,1.313096638540721,4.027378348102415,1
1042,-18.10374482635766,4.400019613674637,3.971263427625263,4.015845708426181,5.274108013535877,4.460154654582947,.2526942223574159,-.2587014283412692,.4118811202058343,1.571051482297611,1
1043,-2.329446567701663,4.933283984877444,4.110247379823379,4.308256566053551,5.26341836381517,4.425914459846089,-2.222599536902786,.0288503279439106,.6565048547079221,3.082110512623778,1
1044,-18.18848242097485,4.339855808776031,3.983446652154284,2.822959823430159,5.291194923148378,4.528192237402791,.414066277124144,-.4754974331868135,1.347344631004729,1.893384549850944,1
1045,-10.64861951465924,3.793492222627646,3.972727985237502,3.483331346140528,5.378939302014213,4.450230918669584,3.65268024981696,1.568499662872572,1.120883599661341,2.103104540576336,1
1046,-15.53578584967793,3.405181155403307,3.850890162647008,3.604688014746845,5.277319717084249,4.477438196770541,7.367397407365273,3.21556374481949,1.392185544872556,2.414341306886191,1
1047,-10.60758354973165,4.525017125113496,3.988689916820841,2.882249998526955,5.347951570521248,4.45817292741399,-1.276435497582809,-1.380178624286073,1.525206942285378,2.183411966952368,1
1048,-7.21682235397825,5.498378856070332,3.99551917919977,4.159050039283287,5.159347014589454,4.405329861259643,-.3904077576093284,-.5378010780499682,1.20119146521856,3.324120984573423,1
1049,-18.30061460832809,4.461852188621805,3.999682256664785,2.88573938102004,5.304436413738308,4.517028489598315,.4050236449166884,-.5543680549142841,1.330679196091346,1.920298081464289,1
1050,-7.285773679843046,4.57179992457511,3.977292419779699,3.933889746351785,5.148499746908235,4.468103856048105,-.4488864507810552,-.9140076059584731,.9069923582161227,2.233932131823171,1
1051,5.54531071491215,4.087000033354949,4.021530893885631,3.396373205140218,5.257596128987427,4.455493432342858,-.3016283590221437,.6507488999606661,1.340047753112194,2.374272498969434,1
1052,-19.02898171663318,4.414134239492796,4.149561524113783,3.800397506013893,5.260091896487086,4.451149623763988,-1.800273855786813,-1.940757525516032,2.110884275673911,1.723644983347816,1
1053,-17.29381256085234,3.583244808425322,4.348949555517818,3.522678913719766,5.286856256377659,4.468524316044934,4.741046352027438,2.172969836293289,1.882627467936652,3.007620042028633,1
1054,-6.942915601239713,4.813684656844481,4.099471901734922,2.786594004380138,5.227986583132389,4.388462106242986,4.305608047952051,1.925433150323674,.2801378676967223,4.146528524355052,1
1055,-4.032236042174885,4.940354756793069,4.037635546205557,3.054253395848966,5.20263981047079,4.503036416293335,.7004915199540649,-.5526982633776351,1.226760636420952,2.639620064409391,1
1056,-15.36822705914403,3.55507512677817,4.546388808038836,3.559907241017072,5.246912966093802,4.425418947854243,6.580208801211052,3.122532542301673,1.488053554867109,4.05901130917468,1
1057,-13.73980236122225,3.688802987315741,3.816714333574989,4.637399956415145,5.324637660450714,4.33998226231908,7.113880827565787,3.245177740523755,1.856693115431358,4.3110027198738,1
1058,-17.27829040401393,4.597369428774305,4.017031245312507,2.841180262990909,5.139434125429341,4.559606551968078,2.65127620195694,.7648305849087388,2.120860007378173,1.810170171317053,1
1059,-16.69013371059826,4.560713353346344,4.017864112472925,2.79977059435197,5.326668889828387,4.512678713335414,3.983383992664306,1.631030415484743,1.482934232974612,3.003325578782118,1
1060,5.282792910476383,4.020389577349596,4.025630343989891,3.419032852706492,5.257958458253993,4.45863540372447,-.3698863792727952,.7250803309443991,1.314814078109164,2.32036505895003,1
1061,-10.58229664613984,4.445618324327604,3.981449923842392,2.888381831946535,5.347065748205992,4.509475682633623,-1.303589202039949,-1.528566594506753,1.54500094600378,2.05421610414622,1
1062,-10.54850374357171,4.396109147565731,3.988389738945618,2.96099391892926,5.360177056689396,4.52801995242779,-1.07797346912293,-1.683379114142186,1.573101033317834,1.979961108573002,1
1063,-19.46253793194004,4.268852216533807,4.107176067640639,3.76467621203627,5.290675421431261,4.456729236592893,-1.883184622173112,-1.784829256642658,2.069187911420293,1.730449647880784,1
1064,-2.795719128788944,4.972511491199149,3.571206651961288,3.49946671416741,5.104324725784545,4.495962575553985,-2.333510730893639,1.393700742682657,.8425244051411853,2.575170510405572,1
1065,.0119564864359198,3.940502938752464,4.058841166600062,3.257856554063166,5.214085693472542,4.47488729633957,.2144614095746062,2.321069540979338,1.971300749828401,1.990451466308003,1
1066,5.460588033926387,4.019516052499554,3.985903472345754,3.355205432090266,5.248004787536059,4.44510663521958,-.308604864561538,.6789473587903108,1.315759406099839,2.369549065793048,1
1067,-10.03412889389241,3.654909939217011,3.87432385541115,3.548619759063893,5.215609124388702,4.521801029057224,1.997009923874603,2.012609884600002,2.320980187401261,1.253571640065909,1
1068,-7.442158472879989,4.539387204878323,3.972277016429021,2.946093875713422,5.338021919999546,4.461063343533473,-.4433311357902545,-.8205217198593754,.9875807908915453,2.322277320728572,1
1069,-17.28494159202366,3.674112325603842,4.176567637405544,2.999699850872249,5.3909052156867,4.416767111083471,2.438277900286713,3.55320785607173,1.360817047686171,2.961163623640806,1
1070,-7.012549580016602,4.597883641670786,3.970822580974175,4.084633732483106,5.188280650882138,4.479642891777477,-.3393784258476953,-.8462331109082845,.8354940945110311,2.23047281104994,1
1071,-18.48784625417077,4.375302200600919,4.017130581957994,2.991765358977468,5.289746897369776,4.463977637768151,-2.793283177970137,1.88359494293495,1.864931469350483,2.047091709665414,1
1072,-8.818766883622686,3.872339105581952,4.286718568877758,3.057675163849272,5.292535138922874,4.468067363213877,5.385556597481108,2.401316283285895,1.405634847061783,1.951570670157123,1
1073,-18.61702897069369,4.309889605489443,4.035722013252403,3.940871669090727,5.270802957623193,4.459956861992186,.2637371318290491,-.2919588848673395,.4374137633782815,1.663194434232382,1
1074,-18.46860999836731,4.333810746961883,3.955568707393832,2.841964700930438,5.295535617921411,4.502195259244671,.4020604026316228,-.4507149995706479,1.345075413724363,1.877689214065258,1
1075,-18.22803321329547,3.585704923697274,3.988963377306011,3.51646922462698,5.285132216521994,4.437482469267155,1.104487376781673,2.883988413520397,1.756748808887908,2.196857884743012,1
1076,-10.70901857804102,4.322967536529964,3.997292855328498,4.095273789708913,5.267543069708275,4.4502952818622,.2690296752622094,.2291967947318616,1.1803936398697,5.477068204508149,1
1077,-7.541767689455456,3.077429936657277,3.985650124618935,3.105638302813296,5.379549261465793,4.47558803287962,-.5895860004847091,-.9140875383401111,1.622112930037418,.9882212748738658,1
1078,-5.62469143000369,4.697619456746918,4.007206268480885,3.617695831944526,5.190423785552126,4.443915284797934,2.724787353536561,1.181799356893013,1.267107129611835,4.273465227655731,1
1079,-6.559067536217388,4.659966013350074,4.098346623065026,2.863126605158751,5.174851019599075,4.516309701675293,-.0333760572525207,-1.134375833030586,1.808805834683404,2.420391604462655,1
1080,-2.571120443309877,4.666835635644285,4.00955667582202,3.172281363230379,5.227426315072552,4.455734337482831,1.548998066249299,2.200634928785693,.916162451184482,3.648988839129658,1
1081,-19.89511113173764,4.301813192705598,3.9193715320688,3.775631173204681,5.280083453781218,4.405217122255301,-4.956681871301734,.5468715792094032,1.013421085301224,3.452694442952008,1
1082,-3.936456855151776,4.770590129147613,4.069793801631962,4.898004107673501,5.172066128655496,4.441684229371429,.2023071884950482,-.1991399636506279,.5048438424445317,4.133542327833873,1
1083,-10.60633495802601,4.417304361166249,4.023894404204423,3.014544126219965,5.336565518062367,4.459136460702306,-4.461285921512095,.8487406536810481,2.020540022261875,2.289632979272497,1
1084,-6.625816851710412,4.807301827905487,4.052412600574694,3.02332293971736,5.171097604304148,4.511430397118204,.052067804032969,-.8371765791157091,1.837342748854386,2.381752066388331,1
1085,-.2609187413986684,4.041549233003487,4.004101603342525,3.095214520769412,5.164529173094408,4.484409500851945,.28724212871059,2.982860174822448,1.436308571347346,1.497366277207157,1
1086,-18.46776390714484,4.28653075354811,4.053847036570478,2.935832376084158,5.306677268445517,4.443947439605488,-2.855439385880855,1.845146028139036,1.912104713294021,2.093542863107305,1
1087,-16.96311186607972,4.515626795073089,3.971019068133376,3.022370934892712,5.164375319156687,4.522542260920539,-.4165753005123902,3.036475133051789,2.612983341118702,2.070990516563687,1
1088,-18.2836066860593,4.332407832419796,3.990895132929071,3.972445902273668,5.308674639743006,4.465996672943105,.2646661162133959,-.2239111544010456,.4114887038836811,1.674198761912537,1
1089,-6.680835486344678,4.613396270536414,3.94646384370543,3.039149884124762,5.173453168374661,4.511990924511851,.0635896551278497,-1.278884070634453,1.791939066484448,2.481135147417334,1
1090,-18.4167054703146,4.433079532418545,3.960283562778606,2.842498209148436,5.324862337882864,4.513497211747597,.4269219453321525,-.5113946953184343,1.337038397285187,1.876037675352185,1
1091,-18.33727391438552,4.443866903122243,3.969222908197898,2.826744768990764,5.274243907837191,4.506880204597692,.4047455416715864,-.4032963992928385,1.247431398773122,1.867306351805502,1
1092,-9.727801538380634,4.525608119084311,4.017777539967262,3.086378862338671,5.11779911207594,4.509063919171784,-1.71999638614161,2.201987983401313,2.059668365635123,2.268990573882312,1
1093,-18.16407214491068,4.608750962354343,3.988246044643926,3.456615358420166,5.35555957752666,4.442685078893745,3.286979390095826,1.566472813067675,1.40465835382746,1.961152128591851,1
1094,-18.64242435732275,4.29284108385479,4.007735843240398,4.755564992896358,5.260223624265821,4.422949703017526,.2005109663277368,-.228513320976138,.6208539226257708,3.422874301705677,1
1095,-17.48252045962284,3.542802672062456,3.925781719553464,4.058209101044005,5.301298198388444,4.444914061916779,3.225587237864,1.486262646408959,1.511547030882665,3.035894077759742,1
1096,-7.68806158560156,4.563431299536353,3.941963743258106,3.063917116929402,5.290684988940796,4.478428271801308,-.4414744849742028,-.5973293377409601,1.60403439805741,1.453874297171711,1
2,-23.68643285792266,4.803990908355331,5.108020068929282,4.670484813977311,7.503253517675309,5.029137526946307,1.281799287681698,.7619659691503899,2.400908298603926,2.710332907353978,0
4,-21.67165559559036,5.556952617546841,5.257360360968239,4.634930154892266,6.936132155302164,4.144241942411801,1.386779508912464,-.6154158889411119,2.155282993224984,5.468494703240662,0
6,-.7444815229736457,4.788751477161234,4.661820845579023,4.413344975481769,7.949805818322773,5.525446949239058,1.423127456075418,.7107724407300338,3.441277864798088,.9229173729674801,0
7,-20.38888560186921,5.005553668204979,4.725095496175658,4.699783653625405,6.817386691798331,5.39445986328618,.6779478616386768,.9565982784835491,-.1595556571323558,7.112280721185488,0
8,-23.08698309930505,5.490374728962822,4.83048498484991,5.084166620006592,5.813309649596325,5.342372519105583,.261174170224764,1.44549198312834,2.446438485416858,4.053618101620612,0
9,-12.84323779764109,5.39953119255296,4.770022448192035,4.623142772326176,8.58700906103007,4.899645909168729,1.620672886553605,1.373873369796915,2.222022300938517,.8013443516918041,0
10,-23.76876228584092,4.030265030985988,5.049288090626948,5.043240491710391,6.169492623806222,4.917163367163123,1.716740953586391,.8342420583572914,4.834746544166364,1.253332752222278,0
16,-22.36781607757702,4.542380631622243,5.064870632573943,4.393194503961912,9.403224211861412,5.460175943751887,.825066549078543,.2804622868666458,3.27929879456791,1.486249185320733,0
17,-24.09772487426978,6.300465273949395,4.44629825255146,4.719805154983201,8.440252273449689,4.681420340384499,3.35288403862849,.5263075794268548,.7266497533016456,9.249433027431611,0
21,9.265209985235169,5.265543807308855,4.925175700793464,4.680020261242913,6.810509252072992,4.835181732897483,-.5440000679986789,.5691347577373789,1.817260767686978,2.930412392300467,0
22,-22.26918658421939,5.416928015000872,4.722856798033077,4.640879134704866,6.626023069263611,5.310314547971143,-1.721395868928426,1.018936039503242,1.977807265749926,1.943752190422941,0
26,-22.78276170366504,5.843816412592003,5.227344776770986,4.584465590163806,6.594449729189667,5.364114613407532,-.2888007644429792,1.551799173597954,3.407955787795715,2.895498081457423,0
27,-22.12341007092726,5.520173351417894,4.668058449023862,4.409737856283495,9.875757097295958,5.387257888173659,3.235851455619666,.9539894338049111,1.414723589610568,5.052042186731096,0
29,-21.13707964018376,4.102337729925743,4.580251724769282,4.816147712682512,7.358221269919598,5.276212197721343,-.9928060486955033,1.075680533042967,.5684292264087477,10.12777839356707,0
30,-4.77979983876299,5.382856415207867,4.921672376000293,4.651077599608818,6.633545338345741,5.326649207809703,-1.142126563388331,-.3575020511938317,2.134806084468971,4.140018175440985,0
32,-21.7212550638608,6.914964081720339,4.942894873598914,4.632289104636512,5.511004061125057,5.280152017648012,.2012639369247768,.1151828737683225,2.470123617575375,1.228812947432486,0
34,-21.83237582580196,5.593552884286295,4.92430939957147,4.663047883683713,7.482495386627257,5.257466933844423,-2.333607133950296,1.473137399892316,2.397961568741101,3.5069585224554,0
36,-23.09056568182347,7.172399425114663,5.417296442166919,4.560201529886137,5.899270687632757,4.431914500737551,1.252103924444352,1.728380437422311,1.191488434327029,3.996498471472522,0
37,-23.69421133673579,6.506397649354448,5.229465552787809,4.981846851402631,5.548986840551687,4.588189867396411,.5121775396975305,.3954942151556561,1.351533305749624,4.639545023940461,0
38,-5.017871375396862,4.922585684315893,5.119617790218818,4.468213991346522,6.931538186485915,5.781360632886351,-1.952617552621352,.7145470015245329,.1665139708665863,2.619513030278384,0
43,-21.85786838088671,5.753115304583004,5.191278999710258,4.396569842913285,7.136898027281569,5.357842451092864,4.275140048493838,.9720116746973826,1.330816797161455,5.520157912747006,0
44,-20.8593380786332,7.000107635626097,5.017605595317715,3.847709578729121,6.225787392574441,6.659370375593451,.5250687557124973,.5842562574288966,3.664240496424632,4.346628595655755,0
46,-23.39156046657984,6.71317848921155,4.766603262634222,4.57347764462063,4.728535282513208,4.852482211145253,-1.622098852305631,.6233486844894176,.0362734847578453,3.310259836522569,0
48,-8.992810095066087,5.923852604400837,4.728550481581608,5.016283660309594,7.300988624616451,5.407787056828762,-.4450423004463087,.3119854337988623,2.278166321868544,3.082340497178027,0
50,-21.87771241650234,3.520065264944674,5.888059581973559,4.685875187059057,7.747048829504409,4.476022872630916,2.769565799677016,-.6932972595634158,2.144038964881312,.8572394048254722,0
52,-9.171666695361969,5.523749378838333,4.743759255270276,4.515040702309281,8.030723778976817,4.854158379648777,-4.351535023512075,.8751649545517413,3.29882206967959,2.8919217269454,0
57,-21.63304761848848,5.656624583058255,4.883287895922416,4.814335548618979,6.834357259102308,5.952355683421111,1.723068937330911,.3792422479156334,1.118817010182683,5.094077804142557,0
59,-10.4575226080772,5.584788185928151,4.96800561446335,4.302859706027552,4.327481862148121,5.226913348717344,.3916506724231847,.2759934417143689,-.2084875618418308,2.07434939475429,0
60,-12.9805789370761,4.833762281228908,4.878946401036244,4.925126655811074,6.552498318258008,4.869233057427576,-.0707561629845684,.5476495214233893,3.817201738291401,2.776654729795909,0
63,-22.83448811177889,5.622778175027145,4.279303033391524,5.304698904781301,6.371682322610219,5.572101435170751,.9731144869309198,2.145219602391162,1.99628591927835,1.674712055704944,0
65,-4.861362637931334,5.103398086729517,5.158403998822219,4.397058111007661,5.94198308192696,5.889924849013879,-.3070377159749886,.5248291062078515,1.82036019090146,6.005308174269845,0
66,-11.92340967701717,4.924484368320095,5.132924141363823,5.018840666594701,6.181384483702455,4.887402108252813,1.376244840333056,.9507128077044281,1.116955322297704,7.675828714490413,0
74,-22.71379755271133,5.512994110874496,4.896436728733677,4.864826897775236,7.363878095984607,4.970868131310024,1.525426167408935,.7625679596580907,2.45197551886994,2.436022248269922,0
77,-22.43487144658748,4.713350926695254,4.878697788408848,4.81127232683113,7.267960178923126,4.65101949441095,1.440007459019666,.7290990854784679,1.975480308046629,4.8484555029823,0
78,-22.29650687926533,6.775565957766724,4.902479280123496,4.596051308080991,6.915921416122003,4.556088685420662,-3.669605930587233,1.523802604095851,3.767186846311956,2.228720247432844,0
79,-2.94819441654396,4.73571497022863,4.906844443661883,4.681236747012097,5.464134999104153,5.608985148713328,-1.601522084936801,.6804854691592029,1.128221419255614,6.904330699118989,0
80,8.226697580143988,5.210194302748462,4.919210780675545,4.712581764006482,7.074944929758488,4.839309126711856,.3104184619216476,.7448611105200835,1.831683711119178,2.892624839749363,0
82,-4.238258144196607,5.887446516497892,4.982708315892492,4.685014872405829,4.94695556877298,5.422561435861998,-2.820611021240357,.8213723465466007,1.430004154805378,2.61421028823603,0
83,-2.217703410118895,5.747099151337192,5.024215514078706,4.380257521053088,6.207310028258331,5.299197632409733,1.74768229026226,.5662187150037598,.5885845559753365,8.004972664161009,0
86,-20.97355937007725,6.812146460230161,4.756759366088263,4.683989714960235,5.105887772152959,6.002828418639433,1.152956661076921,.996764661710579,1.502851456602831,3.260689845032374,0
87,-22.17698407398417,4.769324385735916,4.908909269492445,4.95208439385658,6.145157838930791,5.514338790148055,-1.388344274318133,.9999258066933169,.6563555497643263,3.778859421858978,0
89,-12.87681793581019,4.975723503798021,5.027963342602614,4.676666912944988,6.965737199558896,4.925201379406556,1.294687067531437,.630927818992164,1.237156222547747,6.303534167469769,0
91,-8.784116564812413,5.731511146934948,4.964563853764991,4.164493244866356,8.299456904218621,5.618674195330956,-1.499173027570984,-.5085371702340673,1.866134872819299,2.288693985579157,0
92,-.5557823609849428,5.020544747875766,4.526426959712647,5.009928779946869,5.703536535450121,5.416983442214379,-.8770821572835716,1.212471529811112,1.338352779929342,5.617580512818293,0
93,-21.63869084810318,2.903247283392179,5.527031027672127,4.566260910109849,7.842422329288307,5.17171411873562,-.1026292156372357,.0110879815228893,3.816349839725873,1.536582318835078,0
98,-8.72942726581887,4.249996122500789,5.300049575940095,5.335558464833634,6.751654879537774,4.29545171703642,-2.610306741452521,-.32483052313703,3.742532064989061,3.274552623461458,0
102,-22.76221700510636,4.755405335109123,4.713024798280006,4.387040923647112,9.587027290092763,5.118046793408464,4.373042604029125,.8859251355024619,2.085602730866406,4.320061658695596,0
103,-22.40842360784863,5.396396925203977,4.879521888069227,4.983619611914794,7.488356247611496,5.336409028153374,-2.089271147059682,-.8050217034978961,2.9525502547949,1.737419133795881,0
104,-9.107123952824914,6.053882957435078,4.606783418757328,4.316010848797355,8.162672371864772,5.183815837291436,1.071337248187758,1.346479490213173,3.728578725639434,3.241078259295248,0
106,-2.111141015691716,4.147643438865066,4.586717341754889,4.668380167469738,7.127996305012206,4.32536991276212,-.7569439856328031,.4582958164514048,.8284730179768873,.7865649394200765,0
107,-21.98458858006307,4.02900708685901,5.034253453184275,4.852374631229017,10.08767062813356,5.080940671973921,-.0976489330441328,1.892134863811308,1.070534625859322,3.509652195850909,0
109,-23.21987550920717,5.444521331214222,4.704826364629801,5.20089466451526,9.33411261052801,4.551519592722623,-3.969354414977104,1.173069076034557,.7482634471061053,4.009600293750246,0
112,9.288125823499039,5.164497216259248,4.882536692435385,4.688924249480699,6.727939435322432,5.005414744654433,-.3550125912103618,.6854837432314492,1.704733388247021,2.916876521250839,0
113,-23.22485697167652,6.435027767034609,4.5493089127367,4.753520690111666,8.118993559922281,4.956666819700754,2.627826450816643,1.054673529650553,2.95373141996532,-1.118683191105704,0
116,-22.5890317962137,4.666933818460089,5.081865889092749,4.587034700583394,6.730809722012963,5.247767275635258,-2.773757076330621,1.139720809659867,1.813967195997871,1.839577940941418,0
119,-23.69247126917582,5.223378451260515,4.748496299981238,5.609854382772945,7.110148748156802,4.49258994876645,-2.860038865910903,1.499012541597454,.1119721238913849,6.199373600383197,0
120,-.3681682718185405,5.137742017369272,5.229597660203957,4.511258279547428,5.758255972045291,5.281859997372529,-.0054375375661879,.7180702745035852,.7351218030290404,1.837727913366334,0
121,-2.601003720982207,5.166924588076901,4.975014321098576,4.533007494664182,8.247268666744336,4.590097872913637,1.267770714380012,.9023280904268424,1.106491228066063,2.19275391216546,0
122,-23.07260040396103,4.818152865964015,5.041098881411543,5.053380775132761,6.807406050852461,4.985426184587994,4.907144392745176,1.444397690752195,1.503690312682815,3.419888441927514,0
125,-21.87176946402014,3.905993756408953,4.901781351504994,4.909834266988112,8.342939112036664,5.276619883658966,.557747778580876,2.073433218234014,1.2714182102103,4.491927309559176,0
126,-19.84519217668634,4.652580707250678,4.562770675582739,4.735687539126495,8.549343897181922,4.700700523830712,5.617281402443382,.3373147469831614,1.805464595430187,7.674594592128924,0
127,8.82368349440139,5.022321433530946,4.912834068523845,4.670521482795658,6.958903979381319,4.926341482610497,.0307484989187261,.5601713851626012,1.66594771701652,2.839044261326246,0
128,4.125399109173274,5.065777743501354,5.017283066660814,4.632922236762974,6.184095115557848,4.844817653312684,-.919445224289299,.9775376344191358,1.435118630753811,2.28960845015791,0
132,-5.597057114388504,5.238765634076205,4.544723390460535,4.573850784135893,6.053240062137704,4.858111773287006,-1.031493303385553,-.8616026722592434,1.429352805315373,3.520645161470807,0
133,1.316023795671466,5.089215901121638,4.964854147285088,4.664324413925929,6.345939488525405,5.158309825201717,-2.198310476192324,.8944278282093815,1.41716088161244,4.402119289425715,0
134,-29.95224791926204,9.621744319579511,5.685255052596128,4.017924708610993,7.612932837592405,4.185031421558127,5.852086723067647,1.792747724225958,2.572155045285593,1.08377321369607,0
136,-20.90295603714848,4.602940227914174,5.146839823535743,4.706138882556068,6.349987343819135,5.086709212196737,-.0385612933164371,.3871918038035136,2.136170446583996,7.393535756206269,0
137,-22.42568063278868,5.748608525545535,4.814429000964629,4.748750386729875,7.581607027446971,4.156806298121125,.4609341015582478,.6991493419449124,2.537907515291403,4.017531517313078,0
142,-19.29975476310338,4.814985165053066,4.998555869001732,4.897032440422987,6.595922571958735,3.682814109968863,8.846650525697884,.4629207258408145,1.998694066568597,4.806325940364361,0
144,-22.29987667864787,4.543651275754924,5.068915519761343,5.186591385845207,6.320943267629517,4.123547934754703,-2.801441986843567,.3130062175335939,3.420164499909313,2.343567450911448,0
145,9.311557176417109,5.200253057323773,4.959032350589205,4.65631128407074,6.985158368304508,4.871056639257276,-.2090948866159304,.7852968289295523,1.806335845617933,2.988323457155166,0
146,-1.838994863431949,4.368198810580784,4.961312673671988,4.711483316701442,9.293643594063695,4.846318967621989,-.2704310967840267,.9724040256541246,1.815171570858642,3.308637804428441,0
150,-21.45447783329411,6.783022279792133,4.68074007097786,4.658565241304617,4.913834779639869,5.795296635365439,1.077968425436383,1.068383609858982,1.508192914185956,3.28986944669806,0
151,-23.19756944861371,5.494688169059653,4.933983355788827,4.637327504404944,6.63372355452934,4.637790054576969,.8670746771315879,.1983559616830923,-.0584386232367092,1.752548359644203,0
152,-5.375895647037638,5.133056317538041,4.874588680827153,4.16205004141606,6.614770812729975,5.245786856127987,-.8241422164634834,-.7740580540413069,1.655322912993821,4.009678927098046,0
153,-4.408024460593894,5.908989388932827,4.810378035466683,4.640095335284942,5.390099172938757,5.560674837873108,-2.824291022211037,.7650565179961539,1.682485475493451,2.301509105166371,0
155,9.216360351012352,4.983118995339709,4.876061932855842,4.660211093478012,6.700278269263597,5.117593992509009,-.194304250650099,.6863438092016343,1.792858501625276,2.735848061931269,0
156,-8.493710503997526,4.181023382995422,4.878833429304017,4.680035623210132,8.371486559449815,5.150211155871915,-2.777897523785971,1.040896360333325,1.450641675732846,4.257318784650318,0
158,8.714646018389949,5.334378643824725,4.927101246260861,4.647136963413242,6.676906018416211,4.968020996523147,-.1627329984621791,.6696479054193082,1.681144018667261,3.211288168878242,0
159,-23.04836371315325,5.893790609362511,5.023728384580949,4.81930735699699,6.024710697748917,5.572697632281819,2.317833771906171,1.555306740557404,2.855555622911638,5.100378035239975,0
161,-17.0523058788867,4.080372999933553,4.789568920842999,5.409533071319074,7.735683460851505,4.751493526723839,7.904487742436697,2.516849540176432,2.481155305371305,4.979945198979335,0
164,-20.42369451532777,5.27502346801703,4.837300919570908,4.402909175133977,8.946432823284352,4.342677321622318,2.485422490322335,.7438830751109612,.6127506401996131,9.14752668955575,0
165,-20.96957477856248,5.393677522252178,4.725473667283969,4.256426569160476,9.36739148627607,4.539761142716126,.9440037636000689,1.675171009171076,3.584930946206206,4.682139664038037,0
166,-22.68974698707045,5.521208015911324,5.186901432265619,4.400013185841503,7.475725162850608,5.432686367667348,1.271670902688196,1.015587613852236,2.660154242552826,4.475626757274677,0
168,-9.770894791805443,4.975876976439758,4.969258757704938,4.541690199352108,7.152014276660484,5.493311328508855,2.731928575461275,.6369204854575357,1.831113902573874,2.852425707112742,0
169,8.136927289646527,5.282269508499969,4.882737299024307,4.638859363922166,6.588057877903671,5.03658310865359,.0618181110982263,.6307269767678039,1.671420376856543,3.049268941701697,0
170,-21.50800239790671,3.869963606039351,5.348108296142075,4.735765402025955,7.424344845245374,5.355339977209322,-.6490587270564918,.7804719548356748,2.216023283405662,7.863741584048682,0
173,-1.236974127083474,4.962108013087432,4.945505113379907,4.54551601062482,7.36484248873041,4.791166667912427,1.878560872079346,.6396322158947259,1.559743667217255,4.244420254056934,0
174,-22.35193326058803,4.807557136039789,5.022930667535216,4.565901129533277,6.780357989372149,5.246972848072348,-2.783367477870189,1.150671812989441,1.892995567250868,1.906575665723143,0
175,-22.00892207487589,5.853517708141361,5.005797868023322,4.710176092144716,6.930043784815924,5.068865892605973,2.534006509281883,1.067105422584859,2.250354902790177,5.052744390330504,0
182,-22.83701638608429,6.871778564979032,4.604457978484573,4.813306346405194,6.107450813261564,5.474759721287764,3.024258519899263,1.511704803944619,.9275819100452471,6.411017277908168,0
183,-22.81169420642828,5.492670471389705,4.832833147777526,4.925777749207743,7.082735549207583,4.892513342533213,-.0627967103412733,.3083304845860798,-.4384027528901301,.7913745192934858,0
185,9.583643879335511,5.118253494850308,4.904748601124799,4.637023576098244,6.781530719355022,5.036256385455295,-.3295698205619229,.6577641106392694,1.674233508707295,2.756012788278526,0
186,-21.98867076090731,6.238170520637016,5.205861859659016,4.970421089081205,6.370508214938231,3.999970717328682,.1557575757697111,-.6765438225130568,3.63661502267738,4.729160213138393,0
187,-4.721632146501018,4.745588163008704,4.96898656892468,4.685655334751649,5.763081721725968,6.626805919109699,.0374908746757297,1.240758805833417,2.167169521350889,4.18858902046137,0
188,-21.87300339308079,5.490124750728706,5.060036892366312,4.658793258966869,6.161126502147343,4.827484432350729,6.205496235645143,.4404094307201318,2.652025925146734,3.02130350738198,0
189,8.824212630969921,5.306476481398593,4.903329087211108,4.670058054907963,6.531475540050445,4.966370239259295,-.2476854104627536,.6541604496878481,1.602832079202057,3.376367547055056,0
191,-22.65120878755746,4.374179211798828,4.493247283301262,4.803226498069558,5.621543696264864,5.159029707952492,-.0822626718315326,.1954246503842042,-.2228609375597286,4.035502494809549,0
196,8.154711899519267,5.194512393078035,4.902292662228422,4.684193173620584,6.615819542063273,5.026711913165809,.0456433977579658,.6879387371423435,1.703471359364563,3.014750234881769,0
198,-21.74207760286751,7.499448602796503,5.07168728871167,4.879760030479813,6.784536850137549,4.474155949198811,6.226221672925467,1.44763199712731,2.3513836110972,3.814228917143137,0
200,-9.269067187052741,5.688021730879432,4.827457982896534,4.206066876895427,8.281827742798948,5.723103842395636,-1.883346087500989,-.211033266045733,1.618768426395187,2.27656791396469,0
201,-4.443480840803124,5.446827466469139,4.83071021033069,4.855895757009356,5.101032678658521,5.520668094833072,-2.626360125909242,1.037572800987932,1.513001348377635,2.522080950740218,0
202,-21.57689991384863,5.570295427308305,4.881503504052858,4.698738647754862,7.476242839277385,5.31595417199425,-2.422929191802215,1.464074048061715,2.342596510304729,3.536020705748205,0
204,-23.44613764577537,5.66844531701802,5.471887242083505,4.650321014132862,6.684718475684311,4.541041059634103,1.38996508769511,.4010928088899269,1.978020739226523,3.470511218241064,0
207,-21.82658189556253,5.352031001743726,4.93973293513445,4.298020548394994,8.864672072892983,5.412238053207458,1.775928816926274,.8281964385416111,1.716432252680949,7.336722671445712,0
209,-22.93815512718254,5.029578333650283,4.867777918841219,4.652952215038793,7.006760524230168,5.014458455269039,1.487298058075346,.4853851392204483,1.773828861640574,5.274489001584414,0
212,-22.54565305970909,4.432513237222635,5.661649526766727,4.225725610372574,7.039086350913679,5.424321937816472,5.900483024955859,1.185661873985312,1.915612644094965,4.055853668511246,0
213,-22.49831406543696,4.709363962185542,5.068268947221969,4.671355290931301,6.708324097164143,5.294348639531195,-2.837447360311228,1.093401384319978,1.849303541417143,1.806755515101854,0
214,-21.67651750163287,4.251190930709605,4.917406394105009,5.228364870693627,7.34806997627012,4.524769863187769,4.160663545666857,1.466510117428836,1.430630935757628,6.073703337878894,0
216,-22.78197238885661,4.897386291629632,5.022654404031906,4.908943945422897,7.274842776754942,4.515255852235724,2.293205296234067,1.045540907538491,1.94473415869922,5.634423732324305,0
217,-5.472392564927376,5.021124573539416,4.83425202013918,4.899702434041216,6.570096511125069,5.403901903734527,-1.128538908429099,-.9363137018614909,1.142523335565435,4.040508479230465,0
218,-20.35922300358457,5.209205110345976,4.95343691413293,4.240840125972925,8.876812131094345,4.658386677637164,2.284339484151841,.9647694718235601,.8295866740916588,9.604081624869519,0
220,-22.10565272709082,5.440423097011378,4.611363293965635,4.10832802023738,7.330584024921422,4.723038965381775,.7047301213681469,1.795040000041839,3.082221747706659,2.67641678456093,0
221,9.711004261082806,5.117992407452496,4.869630278710694,4.61737036677907,6.775932637449596,5.0488281011218,-.1535057839294815,.7542665210246456,1.682089228915139,2.961862499049976,0
225,-23.1838315578935,8.052248751552995,5.015593706109327,4.275627130705237,6.464192099535521,4.214024826699095,4.629391153696022,.9929920511822129,3.696562277962157,.9807062071268006,0
226,-1.123114930908244,4.617621114095382,4.82647371188452,4.530841958722224,5.588957940499849,5.614217517134363,-.5958494742685816,.1004944913067098,1.004063906059186,2.440158725483669,0
227,-23.01720382483604,5.554139340097563,4.627422345068594,4.416605148761582,8.701286544746356,5.445443205486785,1.62749818014009,.8040867843543773,2.244620261309658,2.869452292181478,0
230,-22.94564905723963,5.046173065463044,5.159722772536254,4.623869222535982,6.304210847962807,5.186029068554912,1.270096722976501,1.081278888068501,1.892590578278669,3.888960360811232,0
233,-20.49390166868781,6.90041332571435,4.911495394601122,4.646865400251587,5.516670080791001,4.996399357198712,-.024384647575224,.2807261592124817,2.588171841968471,1.145459397626198,0
234,-23.64179387771545,5.385062634137058,5.029617393563412,4.512868650287412,6.591145625848805,5.069870085996332,.2272998053024403,1.036022332068964,2.501801768372346,3.58220314862769,0
236,-22.36326344339354,4.04818047371457,4.743922249744712,4.745539287154895,5.318240599034755,6.156608444034017,-.0074469077396574,1.366750995644233,1.806238319192711,7.257781612421145,0
237,1.159099265942004,4.955475101736273,5.362802362968778,4.439095859753317,7.047259854827862,4.440771297340544,-.1176725604490731,.1767390494161502,1.276723310501205,1.270055650136677,0
239,-20.8836771502313,3.595917533005304,5.309822521255623,4.613139298872373,5.094830735654323,6.403474353324821,-.1908750259018393,1.399858214655553,3.250413419428111,5.535720492108779,0
242,-22.00430523331137,4.796928377341846,4.853413480223815,4.983438320643776,6.12824320070566,5.546154875446631,-1.311755758114613,.8302846858940902,.8558502040696462,4.102333958899833,0
243,-21.58838549187374,4.480485230277426,5.137197311444316,4.697025102739294,6.281626736116257,5.23036759127629,.0788835909930569,.4398593768655794,2.035889158936659,7.374205839755665,0
245,-23.45582882643997,5.23382159182508,4.825543378804092,4.674317506034793,6.79911973199872,5.282858995840708,-1.251778449533733,1.507851503197602,2.13102641210899,4.447141412120671,0
246,-21.77163750160232,2.720175034880579,4.945149854134621,4.355670105384848,4.822467220815735,3.419431569128298,4.781064971331413,2.757050858039174,1.383725730942644,-1.915583087139219,0
247,-22.38300285932422,5.510002377257605,4.818470536796307,5.645936642723222,4.276180814843591,4.59138202765084,-.295036720395105,.3772257369188718,.9445872370171406,5.41164053363994,0
253,-2.206154283358176,5.71036507432656,4.874281831554185,4.883416676626104,8.016979361857899,4.270093902621136,-.1960413240267412,.1710816930118941,.6616054319861236,4.918422135555959,0
256,-13.31022843527112,5.442119590982977,4.997787466715833,4.652237843941704,6.159061168692541,5.046942097522356,4.107680387690833,.8604156399802793,2.218671409288084,3.885195198661135,0
257,-21.58811043069415,7.084714455133252,4.977389618694777,4.609212413758264,5.630925339179839,5.228885434671575,-.0183811674186345,.2447755120313321,2.681155764885441,1.260146496244683,0
260,-19.79718563765108,5.041233684692627,4.893933947022854,4.376754675645089,9.101730516489184,4.554894704708179,2.326292703864108,.9596719301955672,.6709128286793552,9.508261905220513,0
261,-22.43034598331423,7.191018947408597,4.973290018560554,4.573028729932311,6.34583435436032,5.047201637384966,5.376786323514584,.9198875741004974,2.485813791572923,3.655915835903194,0
263,-21.6424784314315,5.645463186572253,4.91627915832727,4.273357215599924,7.524295592132949,6.159076809479003,-.2755416677414811,.0969052112846093,1.508565557131102,1.821138828721918,0
265,-22.67180036504243,4.745103823696466,5.107633490124543,4.532994700824533,6.731081819214405,5.215720386768491,-2.829842550884152,1.048067745652206,1.838403949226477,1.974696981234272,0
266,2.59645530797788,6.864642075706263,4.778992307908072,4.634730967456956,6.876517804342469,4.553655110375857,-1.022880976732161,.9144923124892623,1.350368317828893,4.837676362432422,0
269,-21.27482020452018,7.779957903711318,4.687998842809969,5.173113762851048,7.229017924486405,3.69596945290875,1.329958705317619,.439475868027245,3.984323264748398,5.943220283789419,0
271,8.452747249689786,5.28625544206335,4.890008004578744,4.626366223811734,6.514410764954953,4.943799514770229,-.359153437622951,.6673545314842887,1.685592507497221,3.480828531250775,0
272,-23.00413896758212,4.632391610523935,5.129908738198322,4.642737865836565,7.060628337868498,4.923263669319984,2.72928943080661,1.125928222033854,1.79287611241105,3.692432817895678,0
277,-20.83585292948209,5.060937571391657,4.75497406021054,4.495256428946886,9.37797517525795,5.698754156117039,3.5773104797224,.177990383288963,2.297602710825393,2.458886325249164,0
278,-22.50039364817761,6.852743865935417,4.893801142584755,4.7211031368853,5.46461017193675,5.242008093055412,-.1295383032352832,.0811837940801253,2.571195558050587,1.234405367444787,0
280,-22.58168412475696,5.156431930410433,4.664712610120292,5.079023583025812,7.035259586428978,5.08589708424597,2.116253470134638,1.979619756594556,1.053355489355551,3.329170214757819,0
281,-7.615619512185107,5.467839229063306,4.722608649707809,4.564240434340042,7.645942306096423,4.954230323034656,.0804784568806053,1.047851260698484,2.32632113596702,2.82366777588277,0
282,-21.23517902588047,5.915804770410883,4.60168107711972,4.787053591725777,5.18736757364227,4.56422083308076,-.4991074469010681,1.261955458538656,2.726753228165944,6.761355679594711,0
283,-22.69283704194066,5.011767791652732,4.779487879248817,4.512166158354626,9.337205859949082,5.714887025899377,4.750737341924562,1.569998509172762,1.485560171676314,.4773180808987348,0
284,-22.48232323289629,4.778261352472336,5.413684533175063,4.436201548578422,7.790333769463742,5.208504303445129,3.408979908529219,.0008735328693444,.8780680028271132,5.074427788785346,0
285,-7.107786424874383,6.406105656026006,4.619610596525849,5.145761239365292,6.038184916317367,5.47712110360013,-.8732189197487354,.6804460170613562,3.107972568571653,1.7004009754897,0
286,-22.23720772462377,5.564910137974686,4.886309124960726,4.949886220567454,7.293914288401054,4.664659019678806,2.242548517468633,1.074559171444913,2.846551500404583,3.87870662641797,0
287,8.958679764024062,5.006602460817692,4.893468013036019,4.641707587126112,7.045612915249727,4.980087181876211,.1021211608355556,.556161410603333,1.603222306860909,2.830922274003603,0
290,-23.1366499763451,6.595503135631871,5.228240247984215,4.53601314745868,6.64046114899572,4.812165727196597,2.624584917096793,1.149062701285591,1.473148653644375,1.259427349831031,0
292,-21.38354138561794,4.841738860586389,4.791853252801832,5.097573050194188,9.453438193201112,4.273887276841867,6.623194902917899,1.886875960166353,1.137789430098874,-1.026653585952981,0
293,-20.14155114161608,7.884685421340787,4.994615989972083,4.677777009098355,6.785693131260856,4.028740476094379,4.195256764250113,.8568052321884192,2.082511275799589,5.111742766548795,0
294,-23.46659048731143,5.331800133209536,4.990132000835523,4.682808348846582,5.784120037777431,4.707729595165671,2.9655043064828,.9970721391898436,1.949867406482094,3.672624735010392,0
296,-6.368190947020005,4.496189149523049,4.644472885988643,4.737222641795147,6.808043228974507,5.669613319840427,-2.094735190429331,.874677718210599,3.674878440662529,3.303095201118058,0
297,-21.59142208082757,5.263716698936382,4.756045215048179,4.629670626251119,5.082464204040912,6.792544272312881,2.124563087519585,1.003730313592673,1.735590328146207,5.285349274855399,0
298,-22.23288139274725,5.398582782556279,4.961170137576487,4.304605379757678,7.521785211795369,6.287077611962062,-.394842225733978,.0927053035356791,1.393347344424362,1.922416134952799,0
304,1.311150727853669,4.694613176034517,4.926341760388936,4.558755292872289,8.833398223727931,4.306782553185566,1.761386507748541,.247474561432595,1.628343352542203,1.235217507770922,0
305,8.664518223995406,5.26016893195086,4.94827669252316,4.65162050972897,6.448824864817743,5.023285547497981,-.2712188340270468,.6934151142239519,1.612583122706241,3.354612212650221,0
308,-21.97486061617841,4.673956251971241,5.077627947264074,4.580673644290702,6.872950981222956,5.161063212729164,-2.801605271268986,1.146707357929889,1.818656410438903,1.89188063935006,0
310,-22.00254393865644,4.932052761349305,5.150107698126178,4.513128292757871,8.057067413737505,4.563154899247717,2.405852676946756,.7243067724073665,1.388368016470537,5.188142529223618,0
316,8.589227823460549,5.28428949416957,4.902983807781962,4.699442692202263,6.398086166195664,5.026412423346048,-.212896965751104,.7608247281029904,1.637742834875599,3.380202261419681,0
319,-21.88615171684591,6.928957078673704,5.052900266523902,4.674919144933714,5.55363391399272,5.328509033718755,.1014671963875081,.0075456675078842,2.376929102199078,1.195775776015858,0
323,-22.96516632156455,5.272149842909074,4.876956345957849,4.286750472842401,7.529729407720661,5.238075681370679,-2.979398355543713,1.480613731871581,2.892122898419743,2.020824308730005,0
325,-7.072247230326284,6.048162578413375,4.669378455517998,4.807010039927674,7.785785773092368,4.11122975372439,-2.619710973730639,-.1982806952606569,1.768499616254185,3.716804882689124,0
326,-21.59849153188206,4.362633670382526,5.185017144438848,4.432562733396237,9.534399258523637,5.427159336104098,.6656134425768596,.3633008928245947,3.070431303731219,1.454425822390293,0
327,-23.76063616986688,5.563113953412993,5.178944918262659,5.194344641034129,7.207961335328332,4.128458581100662,-1.317746023727492,.2413326927418865,2.064409682407821,2.821470961558533,0
330,1.221803064806789,5.153518385716625,4.838173094888429,4.588241179493494,6.92360248413787,5.377666305578796,-.8011125010003705,.4036967481795641,1.592078738683497,5.586035012143037,0
332,-22.88481822241051,4.667376556560246,5.268795270311089,4.642468675783054,6.318031331718365,4.705777832716417,2.588766376252812,1.091673571153846,1.290944331609145,3.121909053684199,0
333,-22.26376839244109,5.204266941362595,4.364386057857296,5.183128721610331,8.648069909071934,5.365092206651753,-1.852602470354224,1.70030121983792,.3314214919248702,6.365299323771682,0
334,-7.454143839287828,4.800170568859385,4.682777604545469,4.657964285978971,7.260200116882056,5.034074261334947,-2.078139019628026,1.564722723836625,.1113964967319765,2.355790199686044,0
336,-23.23060556209319,5.467496225387459,4.980396344061593,4.740372431039429,6.759080430051694,5.149118850363422,.2012171588895971,1.322212095960146,2.07380723849898,5.706504057577205,0
340,-23.20943071129155,4.006708093747483,5.078967299443516,4.730285316171964,6.213245189705646,5.201319863396731,-4.206344794744722,1.503453162032904,1.793212370420629,4.471049294038484,0
341,-23.21907305405844,5.966371904288931,4.780725046568416,4.552285961192544,7.714318176265655,4.84097950093876,4.710387439873921,1.379662085415308,1.938844625472473,5.10592679112821,0
342,-22.39142034976423,4.341492163698206,5.086668780653684,4.58288516345306,8.072076423425194,5.676333938927193,-3.087562271688048,1.85944714531606,4.394553280597509,2.975701376173911,0
343,-22.68684779847828,7.395584413914767,5.021191674000764,5.025592403940548,7.081654796836187,3.946213663045441,.1153195122123513,.4810488862702611,1.115727371761822,3.594597592639293,0
347,-22.43221819198452,6.864929932347692,4.781100391885453,4.584171362142525,9.290904315980992,5.041889082708401,.9753884977144347,-.1954351012087789,3.094853472989807,.4232803933125514,0
351,9.186100706130091,5.132238486705268,4.935096725009647,4.662681085457421,6.972127252808706,4.898294298991583,-.013862606117139,.7313953671169329,1.655842091348523,2.837190560830743,0
353,-21.62558376346074,4.949914728319532,5.101396377769904,4.661370269225124,8.956021953466752,4.913277918748141,1.17854929889436,.9428100578345727,1.89830496240277,.0448563693200645,0
354,-23.39559329513095,4.233874150309028,4.342666071092591,5.131597372852271,4.58981906136555,4.953986071149696,2.20108298736746,1.055832116617491,.2471121516205385,2.550174413363482,0
355,-21.99890197097012,4.911079910002517,4.888430806463019,4.963226728767017,6.139149723067532,5.547548734059366,-1.185811176731612,.934384122431938,.7567441412665373,3.986582755992815,0
356,8.570154115857749,5.234387710415935,4.877270444573488,4.636980722466238,6.786564623988528,4.945287440389295,.188190970125983,.6221269000358738,1.785413724953793,2.796727719055898,0
358,-9.750585748130851,4.897120683255139,4.885674647473911,4.55961736455339,6.26455462557213,5.74057629395762,-1.104003506736524,.7206177916286624,1.212826083694039,4.684498349070278,0
359,-1.577513707860473,4.606940560489339,4.935416416940538,4.67967443817862,5.793111945624305,4.687940136206823,-2.801574520029592,1.203248609341543,1.055429170040709,2.739461613319809,0
361,-13.73963068383746,5.40248211400356,4.922218802160742,4.648340289233692,7.385953835881252,4.785291861001784,-2.675981974863416,.6841709173999644,2.497401670919273,2.927225867370219,0
364,-4.963289933723645,5.197937919758568,4.899149124923484,4.370538702449512,6.89608783117407,4.978625287248235,-.6432793479386937,-.69579785683958,1.289315534966408,4.184102330323205,0
366,-23.66807072755872,5.457266355963682,4.980120147864223,4.659023088667801,6.48526649537052,5.452109222556448,.6488060345121623,1.351217208617383,1.381792597306768,6.844403549772143,0
367,-23.19336690890522,5.138590609065622,5.181961488529972,4.489413658557725,7.944006275779341,4.702343016880992,5.791843880708839,.8833321288405502,1.971342836366579,3.182461656447596,0
368,-21.05298225139254,5.187584123543211,5.494930960913506,4.797412765384868,4.417309308745883,5.755273954040589,-.4110781155031176,1.495471698454181,2.844048081084177,2.964137948481699,0
371,-9.130921570358529,4.185879521734956,5.223776292424338,4.875002918752243,6.550085774080437,5.07383744345487,-2.786641931658848,.4053048919891983,1.864648723301277,6.497976475285064,0
372,-10.87657958750374,5.446869413829002,4.924616782021564,4.78453510558309,7.720443098691337,4.657364990839118,-1.398145728411603,1.130980442323952,.4181576925367859,6.326287425477801,0
373,-21.54468681637103,7.024056399510485,4.969051443694204,4.581129081542227,5.453871521819568,5.20595598427065,.2873000454832836,.1275175011218019,2.400417061204789,1.288630370562244,0
374,-13.991367845114,5.413370238018222,4.704063826883953,4.724325549177977,7.695331153711128,4.869436744656899,-.1456710429919848,1.190818869978707,2.128766459290054,3.673174233325565,0
377,9.542305327122618,5.086376323538567,4.91106431843645,4.674262156163308,6.993463717917694,4.979978312620761,.0060204839898036,.7037147006812947,1.706175342648031,2.979268500588692,0
379,-21.94392973041922,5.674066222796648,5.263707747705876,4.854965073222274,6.896818046185358,4.773182006232072,.8934378259711306,-.114460324857337,3.429620010488904,2.916038223745221,0
380,-19.80807363472278,7.327863682589048,4.734702907322784,4.732056232592049,4.59731396454103,5.261997931280403,4.252777041957879,1.071756902380404,3.16788639790933,2.593816321248888,0
381,-1.611060078579792,4.882344965859332,4.736660744471911,4.629662331187603,9.158675407992405,4.952001539787168,.0740627407818515,.668068704141244,1.717365472665193,3.123933936146034,0
382,-22.20870094461795,6.751648865309862,5.243624315416046,4.418397328987239,6.630977814621639,4.963028441687123,-.3548213287498553,.01703915458146,1.900794213384914,3.840198976081926,0
385,-21.37227120020223,4.370007170599214,5.17230162388161,4.386632195818946,9.299082324897945,5.574717974990111,1.001503464237762,.3168593596627607,3.154628468643182,1.464552791163404,0
386,-21.68189414666374,5.44745249749527,4.972494541066761,4.288673994913826,7.739783439015336,6.206421436752144,-.215272906671459,.0945785684476499,1.467141134636468,1.929013175611651,0
387,-9.730075221727517,5.072817046052838,4.963478406399364,4.736391861022721,6.132280871417967,5.769222074828057,-1.135350036884934,.6765354606869786,1.312070216412881,4.645739727818023,0
389,-21.5521455421294,5.0114508778659,5.382402649161653,4.503793003804604,5.751226765901401,5.436458757795896,2.150133203801758,.5685564912631307,3.260754935858413,-.8490747457280128,0
391,8.54004298709493,5.270598457039545,4.912034071134036,4.647288732161081,6.47788564899206,5.021143301886513,-.2028710782667054,.6874517674923276,1.664578659656936,3.325689015408235,0
393,-23.43722656885329,6.786246688237722,4.96371566017678,4.460386516909825,8.349594730176856,3.875746083274964,1.652173815695314,.4679871798942761,2.238645916770547,-1.657063326826604,0
395,-12.33644120897894,4.047240779910806,4.857595710735645,4.815369119410983,6.057024736247147,5.362882619993424,-2.451125233531533,.2569870807988094,.0611906616513955,2.914409117840752,0
396,-1.317004784636257,5.017861879584481,5.062444789396856,4.523515460684492,6.26708473111417,4.774997479900366,1.12455824399561,.9292840072795595,.2587129960676831,7.748951274047713,0
399,-2.990141711940829,5.025705477386901,5.072243092074425,4.565383152065652,6.658675056014722,4.474415782129185,-3.14855300255659,-.1426274400066187,2.450134375570696,5.544373014149258,0
401,-12.67701704534885,3.676881983712303,4.98936636885221,4.756206294592353,6.105080814850802,4.624504446125616,-3.134255742570577,-.1438813089395181,-.1229030948197169,2.496989262118059,0
402,-21.4860623649113,3.656153422973976,4.611954246362883,4.564093008268732,7.194656969998777,5.341194890966066,-.9037984103128767,1.039974813594161,.584752987418371,10.23204300853763,0
403,-22.52862425991336,5.513891030820031,5.021389887730891,4.861026408433713,7.091690031340951,4.901648817261936,-.0699824319636619,.2028175128796849,-.3440058317283911,.9149242906266782,0
405,-20.89578911328289,5.409563868907165,4.656426774637954,4.920598022277865,6.569124934946097,5.596607832076351,2.079643038312024,2.065521811402531,.9717162873596923,8.981019781973897,0
406,-23.03662151794521,5.108434424087294,4.506000544281731,4.611402670729283,8.812711599031275,5.252439400634144,-1.91753492515356,1.213251758511788,.8048412928297591,2.466912795787554,0
408,-24.0022163382794,6.868530118015334,5.002397708043266,5.065873721764643,6.083422609807581,4.431444527898553,.3132829283800289,.3164083802603179,1.721926711953224,1.635661833463062,0
409,-4.988172629246414,4.781213895629662,5.083321618254929,4.452921783964573,7.905061130629739,5.535907570024494,-2.204156060651257,.7958276757475551,.4168657283428317,3.311590584446606,0
411,-3.977997296934068,4.832138573220041,4.436902953170696,4.48165304697247,7.059669407061199,5.456005665452693,-1.998063386926284,1.826059966314958,.8240310318140702,3.038798562175224,0
414,-20.99665563144744,5.89665663790681,4.811063980126765,4.279632184481994,5.390007820636146,6.806347683791948,2.173874974328565,.7350419762461707,2.753468081368005,2.290169176259548,0
416,8.326827571611689,5.245012754599548,4.927690712417513,4.595317716673101,6.637971774937534,5.043069252358872,-.0702716707782071,.62195772064064,1.660737159787094,2.982086292687633,0
417,-21.91365023886688,5.444600889728006,4.68834648674923,4.795818934563918,9.393108176735806,5.02993762083498,-1.268198578318562,.7731125410932355,2.309959333430063,4.538109418608417,0
420,-20.98962726777653,6.136350261007165,5.507509254018232,4.46720342518541,4.843516186625525,5.175668087582941,1.914627293008173,1.588140062744016,4.09643584591114,2.576271308537407,0
421,-1.342255883622291,5.447319647583288,5.289015274247065,4.724923350621894,5.802075354464725,4.827610641148179,1.275151242722228,.890386108270504,1.014613866183095,7.581844809145636,0
424,-22.18367412472546,6.700110518011403,5.251660995970455,4.464361936139859,6.589646099535538,5.308656518305871,-.4437758890866854,.0717291154624072,2.122567664515466,3.942850672060863,0
425,-20.92044137175277,5.018943694988883,4.961493121493923,4.810783953967879,5.570853242740831,5.207994876766584,1.11787030833697,2.733712855854937,.7910450036207622,3.341757097887134,0
426,8.51278029552927,5.201968329632677,4.909313989336236,4.663269626506025,6.763766637169937,4.946703987808131,.1741914880499324,.614546438183155,1.760338237391247,2.761053121427762,0
427,-14.91029250020426,6.045939685329913,4.908869050127374,4.650214820614281,6.962305543418815,4.840476549457173,.6074461807821316,1.0380705254234,2.010561319619306,3.977104464063284,0
428,-21.54062776925579,6.874646781961191,4.950150217703641,4.666755131266211,5.473781303198678,5.280022506648669,-.2606178300676142,.0978766609644455,2.311424920714886,1.086308775605168,0
430,-23.20372443755841,4.687920754282856,5.273988615168865,4.811550904620336,6.40657562484818,4.603518830435058,1.402799245934668,1.292495116964761,1.802399995118918,3.522204629716231,0
431,-23.23086241297658,6.022983748712002,5.017472283966282,4.666570713494807,7.545813201581378,4.716080616605758,-.7320865004700582,.9569992340360466,2.098845824157248,3.583668144703457,0
432,-20.89113746132489,4.507043656849196,5.098483181901862,5.080022386419845,5.508551343983081,5.339176705471283,2.899997222430893,1.646676734151652,2.123275110945576,8.624188775529129,0
436,2.48491065939836,4.625473120734456,4.906568890164302,4.5948293398366,8.508399012140442,4.877138983516753,-1.097832304768886,.2507674827807051,1.403240983743462,5.132379698135081,0
442,-20.47819982733722,5.919838404413946,4.812660357546842,4.337192467598642,5.101082951471797,5.795204713989275,-.7273840451751785,1.978413629818221,4.441123628604235,2.874279107993355,0
443,-4.239495942030435,6.022580999122203,4.741331733381002,4.678571783600201,5.3911332240597,5.908103358498225,-3.017284050885911,.560932065709855,1.819261045795978,2.315363184280927,0
447,-19.56989173439808,3.297660613172281,4.796235157537957,5.556286761415458,8.921286818526502,4.115318271569126,3.461793091176378,1.321825309384985,2.596369467949412,3.481648354842085,0
448,-21.78107603941466,4.766185446050453,5.116606757645502,4.591352137930695,6.668986039665464,5.224611154051814,-2.672032557826519,1.067600534112399,1.814499139700174,1.814823677500326,0
450,-12.56282364408923,5.370178232956303,4.789934813001389,4.646095633209935,9.383264855536448,4.913410018392136,.584239975216476,.7955170251611102,1.69603047112788,4.83970501763978,0
452,-20.68432794088028,4.896338864003524,4.58360065684328,4.454646066976975,9.419770552293535,5.731000264601515,3.424994055932105,.1402956203051978,2.37141512110364,2.632293794730568,0
454,-22.97064723856428,4.023329943954023,5.314755479945088,4.832201691913307,9.727351801067501,4.285734849575397,3.474592837422087,1.225318965026853,1.505502361824402,1.120085253092495,0
455,-22.86120118228566,4.597099445782354,5.096239237532279,4.724981012778176,5.345996567413213,5.19807906175298,4.05046522518449,.7933487682753938,2.068388889133597,6.555266691048256,0
456,-13.46899461572741,3.527807690759672,4.70114432981241,5.247469079597583,7.355010335449614,4.774090771263205,-3.431514433166262,.4905318403940898,1.055950689492946,.4470722945093401,0
458,-22.98463450262244,5.768218759812989,4.878164408729367,4.663776082046237,6.806749376276526,4.90700783729763,3.321008293499877,.1885086395757526,1.644689524302336,4.416838019211199,0
460,-23.32354870352066,5.286248563247407,4.952388482729874,4.863897253046107,7.264905510645303,4.919371918757,2.521208401271015,1.159749934990812,2.135600922885543,2.143207783909602,0
461,-21.08215597795449,6.643736591623139,4.774644295726969,4.485056238533116,5.305279294218298,4.127817963995478,2.272584694791911,-.7601622336643219,3.695848336269965,2.732968190988244,0
462,-22.02324738274477,5.644217079221228,4.83513758705951,4.620415110392979,7.665284944349827,5.276889008615193,-2.434044177876297,1.503927940343996,2.302215735265322,3.536833784279601,0
465,-21.89412944007677,3.965605424851139,4.979784860457652,4.854212851858474,9.867147310265981,5.457279067174059,-.0609937852438116,1.779383512071532,1.175341935522883,3.51195551815884,0
469,-19.93086646613222,3.716831129447748,4.865575400099489,4.425236196055438,6.852000581375578,6.055609030043017,5.175852808922794,.3914497718104465,2.038020533133682,3.285323970648335,0
471,-20.66340284512084,5.446614390533066,4.923734542200574,4.566726673682926,6.87746757189188,4.500629259166539,3.17075740716883,.961917464666237,1.743112111307766,8.710663013455456,0
472,-23.11842359866424,6.755235417270272,4.867695665626731,4.848676341918574,7.709179068648393,4.795415592287428,2.742835878666892,.7312128410470922,1.526075740659309,2.63687332401167,0
473,-21.45053665843977,3.664994634495314,5.056397295435826,4.867340316034601,8.370956476309873,4.84199306796603,6.997177555236936,.2607494502480862,2.726701114549071,6.641452110895082,0
475,-22.81841914706005,5.540728176927535,4.868645272881676,4.474816230300347,9.13087749885838,4.591281862505931,2.674410121654557,1.143405792305596,1.020553377921082,5.176204593759617,0
476,-23.51084674747846,3.738130938993914,4.888357917696181,5.477395843202109,6.576928207003866,4.311462884826116,.8492933394786558,.9833368012708463,3.614860716714773,-1.143396329920497,0
478,-21.18976146264549,3.463049297885911,5.310198142987552,4.694008681825077,5.214967617206461,6.381515093394848,-.1663770194211278,1.489771938088736,3.06131945432203,5.457296339738987,0
480,-12.03993310678978,5.260323526137546,4.903874760484097,4.544244421365577,8.370990222796861,4.8304793171005,2.110315338994587,.4945199925294868,1.906501049210266,4.935345872676988,0
481,-8.40801131789911,4.912235849091364,4.618733713298627,4.592012685573095,4.540566346632511,5.487128816351377,.6591801666053715,.1608118016729001,.9689637118361163,7.410256167162026,0
484,-21.22919268992156,5.569522236608321,4.798581164712078,4.47506720481296,7.074042202329857,5.394596059489757,4.056561775257165,.3507024007834815,1.614212111259927,1.384663882593859,0
485,-21.04566081703279,7.212260940001848,4.330902066885457,4.926707101640232,6.747860837519839,5.829531604425921,3.097912180004489,1.260213751708286,2.00778873398149,6.137317349829853,0
486,-22.25835280379969,4.846642352535723,5.166552686730219,4.561529836194797,9.007055107395221,5.090559989604837,1.228919203162122,.9132706754319281,1.799958389571261,-.209549582793253,0
490,-7.57363498429146,5.150985000803145,4.957809783122275,4.238404355016488,7.200674696638654,5.428648723837555,-3.194350803200233,1.752121865809058,.1578488857774906,1.935892388253785,0
491,-23.75302184594539,4.916901981777473,5.016729372012364,4.458201228931732,8.834787807258371,5.02191082416505,3.667238030327158,1.08100143801038,1.953656921252139,3.305095412864237,0
493,-21.0026455883021,5.518708391217679,4.952463738472887,4.851009237424555,5.012379713587027,5.810552221957701,1.698017573325735,.8747143755052643,3.26674658029559,5.353549829699968,0
494,-22.62707878541064,5.45874896189485,4.719551068311646,4.674860604156498,6.721586286566358,5.205762852193333,-1.659880847972388,.930359362734487,1.941129350134281,1.937663133230416,0
495,-22.49481110236347,4.915215513591811,4.855218783486166,4.57775341532521,8.856412458991166,4.72130776639746,3.742343055485161,.8487870038578537,1.565555743303676,4.271828398482024,0
497,-22.62240249757796,5.597971714644723,4.990966891756239,4.812234720719146,7.952929925012123,4.449066969784228,1.194624651869279,.8604547735087642,2.331303482157395,3.787216342680527,0
498,-18.23569624044004,4.400278256425782,4.69951855780324,5.325024050469239,7.893523694988531,4.089210833258045,3.89875626504477,3.271424027982122,1.030422079429671,1.067850910024776,0
501,-11.48427898617668,6.327959620307965,4.83776105403001,4.550783087127403,7.534721452374177,4.675010474463313,-.966045645978027,.2598699276390171,1.588745615956035,6.398638406980384,0
503,-9.74828281450503,5.688374805214811,4.511865257441989,4.247981014300076,7.979197284412553,4.5478342212986,1.640526641986428,1.207873849193769,3.046358873942886,3.304272169906689,0
504,8.787664068172875,5.391293437044589,4.922744730881354,4.676801528727178,6.477388016115317,4.982277189676133,-.257765475846478,.6694404173424462,1.517793654941155,3.350340843284499,0
508,-22.45664638946988,5.688916969350769,4.80386744969931,4.968330839619627,6.328530099679564,4.720622385996407,1.76017244149951,.3064479659818287,3.947778125256029,3.841813723578824,0
509,-21.16263534893532,4.748031299518546,4.675949067909117,4.38415837041983,9.415231503505872,5.730708249329007,3.511846583594327,.1886232239194932,2.316952206878293,2.670143966838637,0
510,9.00537043780346,5.30743687854328,4.898902202497541,4.661345110695609,6.711003151550996,4.876767773501473,-.4592107332717889,.5736639097716777,1.7560564298921,2.916383653957728,0
511,-1.79733051919508,4.957479540941643,4.471229906231228,4.574080515613764,6.971028223197519,6.396409950687847,-2.114520301888188,1.40021647582543,1.401845806411392,3.85568122340894,0
513,-2.173707390901982,6.025305028550665,4.51144607887807,4.639102337440093,7.132071802965446,5.481289394971352,-1.85289018434566,.226453474813472,2.54225272939869,2.918082446229416,0
517,-21.76293954549321,6.87779980536136,5.717242378964413,4.724913956076283,4.719764428041748,4.950227959380168,.317102159025796,.7697156733198185,1.67380570125374,6.697249530167341,0
519,-22.79643150870441,5.435735082708291,4.960291734187571,4.725460956188583,9.075749504466822,4.420003962847479,-.1086969641576758,1.221316627218311,2.150840600593101,2.616959422128951,0
521,-6.316118527736332,7.821840512066083,4.80183737468062,4.59513568031664,4.974109620837017,5.428902113320354,-.3892038041343581,.4911347157792418,1.191577565395632,1.93949752209412,0
522,-.8297734225380073,4.755529850507819,4.704601331849858,4.516317928427726,5.872793922475701,5.480233922776452,-.8404315607264922,.1588980612620176,1.067431011632649,2.493977757261164,0
526,-13.45807571614138,5.604825497747187,5.190616044640652,4.626201431136783,6.633977585018522,4.973971623162875,.5244267085351847,1.162763687321674,1.970120640596652,3.58201903343582,0
527,-22.58117025163938,5.657055055020202,5.100250725524939,4.837550314276315,6.504161720611192,4.547699307092255,2.459007010863144,1.079119612540545,2.888558106908082,2.49420267479916,0
528,-22.35554883437282,5.084358811089557,5.077192485495812,4.652757543949074,6.506446447025072,5.305119983838029,.8142186853749442,1.705030597193873,4.162546651515131,3.115607477219552,0
531,8.156886175571698,5.132395049659597,4.91025071045836,4.662118129962269,6.700669999455705,5.106153133114754,.0496347648776188,.6893231114098218,1.727086590045326,3.072902865373405,0
532,-22.6012141554089,4.339726198794009,5.038981908928038,5.144339699482853,6.5571825902778,4.153224166255551,-2.912064626927475,.3244298508353656,3.516747742597228,2.615402934350427,0
533,-23.57500880497763,4.78667391504165,5.373153237139555,4.528963380034817,9.147946342662962,4.652637210713695,-.4026943153049432,1.42220299246353,2.12730921464662,2.655693811273533,0
535,-22.33201391860472,4.789772189299693,5.01237638392589,4.63060797527861,6.774078726285296,5.000079390268201,2.628851821762,1.36059865223712,2.458790823308781,4.642895689251682,0
536,-22.87841406023591,6.62315431248869,4.900958715966174,4.385387514823032,6.035099704508499,5.060608453603712,-1.510152474462993,.949318269163048,3.310692704434499,4.238729057960369,0
540,-5.287226255297761,5.64943760362222,4.879839915072161,4.623648128423302,5.687320413947811,4.792940583182276,.8632461009450463,.7616496703369638,1.608411482957342,6.36269074160905,0
545,-22.82270478651485,6.314829132635327,4.951808790574268,4.652531435476464,6.360229811604238,5.293291859478641,-.1234869701612862,1.255184352727024,2.12379947052146,4.25633087963778,0
547,-23.109967589772,3.983770131485952,5.30319244776497,4.523492811959371,7.74816688304038,5.01239936622795,-.5239211713262615,1.548412323494222,3.14942639792624,-.2899139268304813,0
550,-23.26311656057431,5.272980141460856,4.88751190272353,4.720403149312609,7.390409922416266,4.925517342505772,1.205553068435802,1.131653560458068,2.686340213102301,3.201519643583966,0
551,-12.09615705472568,5.098349694135538,5.009965223455741,4.544714294477069,7.752518712729519,4.079187594881684,-4.588667249462439,.9420191657931998,2.605688303888151,1.980203605975919,0
553,-23.37175763830547,4.114634725115067,5.04759862734769,4.71176781927945,6.315903587058305,5.328215231206669,-4.186769025287459,1.286855553774963,1.791018199643782,4.268329979941235,0
555,-4.747990293134014,4.705331453007321,5.687318254444129,4.552085016154941,6.291963834376891,4.748907607579548,4.094487399407846,1.451675156507696,1.720502701731972,3.607151656819442,0
556,-9.277746038902853,4.956226707519001,5.294520253910342,4.678676295068191,6.672152455631486,5.538004540447035,-2.384420551666976,.3519196025182299,2.625991508859131,2.535862518949112,0
557,-4.825624720197491,4.39206458784557,4.783777601574765,4.764693325622339,6.736353889240862,4.67471075551734,-1.984412342465808,.687181808388648,.7074326561830686,2.528718261070327,0
559,-4.531386293542942,5.510815059430497,4.884865052912303,4.347595139026281,5.429814579469149,4.750345957338404,2.850912986580682,1.129740827562397,.7624069022648006,5.753779652441112,0
564,1.820872837466496,7.415041137149783,4.951372219287883,4.418626092398245,5.39169941190436,4.817158607858135,-1.489445611643319,1.417061429635036,1.298783553836458,5.10653431029835,0
565,-20.75066334353797,5.566517171318679,4.855593389947655,4.671103615718212,6.96322877159987,5.4378991788435,4.04864885795689,.3985072440998787,1.590696064188829,1.198738116816559,0
566,-22.21690556334345,6.991694745072619,4.94792774924238,4.638076478228147,5.511189801273317,5.258632424594089,-.1070143995780391,.2047558906381427,2.469691945641601,1.167841108483689,0
568,-23.01301507054801,4.421996219243724,4.576976881743787,4.679835241994013,5.812942206662767,5.291089874821556,-.2122594630309482,.2181521154887608,-.3324348967203824,3.879935561948215,0
571,-21.9950353518121,4.790772478387836,5.147940673936566,4.572955713008033,8.895481969211842,4.980450771857767,1.18455240941406,.9753747105209074,1.932877084747098,-.1640526873202302,0
572,-23.52806443309073,5.299632188128827,4.9139180592225,4.766385667914782,6.625671335869008,5.118581732172488,1.724179776499798,.7979667186139662,1.462639827738812,5.437139544315287,0
574,-7.301735641235561,5.388054206300062,4.506324389488649,4.662664015178357,8.42820214396556,5.073213728748019,-1.398955106453204,-.1411230447587724,1.879420108669087,3.426764297538706,0
578,-11.34715024121477,3.721737914032892,5.332682111128556,4.641950866821771,7.023973406271567,5.538718377088696,1.093995621782158,.8748626689357587,2.42322656154818,2.752622564534842,0
580,-23.58237619763922,4.663851321419872,5.441060610997637,4.937664122630925,6.473243076500095,4.640965863069362,.5873697846227666,.163644575000474,1.310732484142609,4.608730027633232,0
581,-22.85622285449892,6.101327921484066,4.802203417786681,4.689366048162865,7.830211745738419,4.555933104682358,5.677698992267555,1.458918394083678,2.892851073972627,3.011773408700922,0
583,-22.72822988329062,5.566429875220281,4.846750868809796,4.940127965839689,6.479543351755857,4.65144171232745,1.498642174018562,.3158064207508495,4.092323795696175,3.923658516678953,0
586,-22.90554692278731,4.651035652535507,4.635548894282571,4.668170438758891,5.829585155959038,4.990432301830023,-.1434447042145501,.1826643065447924,-.4393748230920694,4.020957849512564,0
588,-22.32650133764342,4.696288910732834,5.138072819006474,4.510662064005283,8.234325970954819,4.292862792330987,2.628787565312414,1.80357621710655,1.978899737652412,3.554451247745748,0
589,9.531343011121114,5.128622877007666,4.906242471651631,4.629825473511053,6.893367673947767,4.883815437228629,-.1216692709644683,.7622112456555485,1.696741448119905,2.967206091134074,0
590,9.079954998091884,5.027227237316612,4.843713332216034,4.651350900614371,7.178231018507529,4.967041574102839,.0831204707414247,.6341468245247063,1.777067044478979,3.017001024061857,0
591,-23.60412774957147,4.968644992064755,5.038593317564787,4.585951176294004,7.327114464994993,4.923821558029039,-3.057253141248391,.5259604126980499,.9308012235645441,3.638906809804665,0
595,.7111545798488841,4.994648487011279,4.853373674198847,4.751413799746756,8.147583460756591,4.592055273444235,-1.657228479844276,.2860264504161422,2.832520078507748,2.683375377522732,0
596,-23.42039248894904,6.996934042680546,4.963166894157218,4.461819160415067,8.073268698205426,4.323206475338647,-1.622347949156601,2.081488215961645,1.660861431128411,6.482988508581276,0
597,-5.39747617644456,5.330064819435505,5.088464978575265,4.324057943955333,5.566493858487092,6.067352438064763,-.1363936654484855,.3663251477685737,1.775899212985197,5.497458850797777,0
598,-23.9951858378927,5.401369205558004,5.100354756363858,5.151236440172148,7.122270403213002,4.241783479943807,-1.323989127969554,.1951525667521125,2.232632046045425,2.739582305100001,0
599,-4.929651754207781,6.757348051128305,4.515900407637369,4.653130620890697,5.744493181036222,5.356453680111613,1.902895535153585,.8897730533066783,-.1371988792099592,3.921367925379789,0
600,-22.57260284648227,5.970528361478303,4.930943814480752,4.95376384064051,6.114614753983108,4.959699120086072,3.590489393702522,1.133682011592271,2.482035004441289,1.072075916493657,0
604,-22.85689372690423,5.437682509785392,4.677760139959012,4.962925899609334,6.257456594230535,4.52715500902073,2.000905869208138,.2302824068861485,4.269616680049201,3.860266872680781,0
605,-21.69401475733324,6.926760614059847,4.947817113973737,4.727720757123682,5.534848563070029,5.114868981245905,.0586263612958932,.1234997772529178,2.466810413235432,1.254636615152529,0
607,-21.71231335744485,5.520133370476906,4.870264650019985,4.68921592122833,7.516084549033875,5.448124881372482,-2.635134168687675,1.436301467998481,2.36741041577225,3.483790177464412,0
608,8.277094226850213,5.220055988939468,4.906765695701621,4.634833834601046,6.653421134845804,4.985296456709424,.014228760079347,.666025493115923,1.701783791382207,3.047838798220092,0
609,-21.63179998640679,4.882891843083324,4.836337787346928,5.35619473912732,8.813887552167042,3.532249197126581,-3.84054331411248,2.521321224126312,.9755281418750407,4.340025193006068,0
611,-22.61539374751956,5.559839267909771,5.115712176477222,4.829874665151047,7.304338039483825,4.523822325289681,1.108820222122892,.7963316620040909,2.358654451640076,4.609519037423731,0
612,-22.66667566082193,5.496687206188247,4.769430855289152,4.672064739773194,9.381963479587744,4.679612020881273,3.026231454751659,1.561025763477325,2.165776775410429,.670363103911777,0
616,-10.95623911747785,5.568753696024787,4.435251621251447,4.33661151825117,8.398669129084327,5.840694948227551,3.496347908597002,1.17043997341163,1.82471794447355,4.434452157268507,0
617,-20.93149667766435,6.711611631217327,4.86162343947752,4.726436307258303,4.821633977678013,5.947012907855645,1.147832862409178,.9676293882622929,1.466958017802162,3.478850634393788,0
618,-22.84746032322537,6.655628720049178,5.251683222444047,4.436793698658235,6.609001201955373,4.982018915133102,-.1447450706309501,-.0122825655655239,1.985311727832465,3.795121556877402,0
619,-21.09083544429691,4.752569029468822,4.75915484347408,4.661963795152625,8.552896655103661,3.891777012461952,2.920296470980121,-.3318091554471235,3.789421540563522,6.646262471955874,0
620,-22.66354164904894,5.461040603202989,4.71871549632198,4.645502687332469,6.74895640264705,5.287428409537354,-1.637053758011187,1.041565399482361,1.853886508863896,1.964824154197116,0
622,-10.47834536657137,5.12197976312334,5.103775792788552,4.933897197167153,7.621019706776843,4.661297541094666,-1.765926929772931,.0628670224648856,.1623322600691116,1.370578694144042,0
626,-21.77437849314936,3.785011786995546,5.122351252845499,4.695973754981029,6.624244216058069,5.939345929101654,-1.499640728681919,1.613964451337968,3.603102354014613,4.108341408608897,0
627,-22.40538312274088,4.764857447102237,5.059154548852253,4.551387516709378,7.347383738803354,4.90441380550184,-3.10109928327834,.6191871909354888,1.044909464434957,3.729799354124129,0
632,-22.70234762975932,7.269641222979592,4.894936309839571,4.228207686362484,6.22285478867722,5.458390302160533,-1.178835389356825,1.110401939558674,2.478437613997309,4.212536316146644,0
633,-22.37787615854021,5.244708764566458,4.815001825642097,4.581630429300215,8.416034946742551,4.605475271442876,.6873377586493821,1.055430223678747,1.315532797301204,6.213810053664899,0
634,-22.65278993346439,4.631576442850841,4.977054304432973,4.607836222583219,7.205316999098812,4.926817442885684,-3.223535601387141,.5240666580126349,.9471568131940564,3.589493948451072,0
635,-8.9794418827715,5.183357644308404,5.036198983728248,5.132302031185214,7.826478158688248,4.875629712521026,-1.445587453811862,-.3855044730040624,2.487732711152341,5.024583247617262,0
637,9.071432313012107,5.219402754828603,5.002426727208086,4.644949419551974,6.868909556893443,4.801889479656422,-.4996137571256286,.6268739812054092,1.82673391668119,2.975601753132489,0
638,-21.31110208985275,5.295958031577279,5.40730898998391,4.723757230558997,4.850797657311664,5.762157856402784,-.5613379716218923,1.306712219399571,2.687700114052966,3.471709706145349,0
639,-8.527996593009854,4.373585330611133,5.094903964934687,5.44562660541578,6.731295120901017,4.973002112350254,-2.636336965760767,-.3954092056961989,4.478386830937655,2.779446244335335,0
642,-22.10013358719286,4.443634154713459,4.878534993113232,4.622194937763871,7.715238535152593,4.521736362520306,-2.811478939283987,2.627441012361059,3.33012726269888,1.882570807380098,0
643,-23.36410020483335,5.716436366975508,5.27950623311315,4.820332255016089,5.01244544196981,4.27155298308792,-.0534196396642622,-.2763555103693529,1.680973674720005,4.781507599583199,0
648,-5.190069567921745,6.195007477745246,4.625091967078466,4.459978521460246,8.558126107321357,5.242346183990539,.3091015141269418,.9022670800229227,3.289683763475451,3.95270097435498,0
650,-21.92225561284163,3.593812877171959,5.468985781495199,4.392206756130248,5.811034649328174,6.610195185138446,2.770408502044766,1.000145021023464,2.884198598391451,2.607636712797537,0
651,-20.91928048628587,6.889989318831655,4.79507399924583,4.673432398896769,4.976084870668734,6.010436335589805,1.004069997332431,1.113934287191404,1.582643150272397,3.279910684621326,0
652,-20.40973637865838,2.999875535631459,4.863994811631889,4.527184088968638,10.39148861432772,5.130573404492488,2.429367096791458,1.201051632871318,1.905402006504527,2.612597643698011,0
653,-23.08194222051197,5.350021752189932,5.101990397373039,4.509064038806048,7.883311812594179,5.07464795532353,2.373030561610922,1.238669866215818,2.41231951626662,2.575292666075042,0
656,-7.478920381489286,5.522773606686878,4.982289113368124,4.476169506506545,6.881897147778949,5.049168986225166,-2.295023161961765,1.667199647041032,-.1714298317187976,2.221268614153283,0
657,-14.79047355271581,4.970881565227532,4.782433362959457,4.631758530136197,7.180239494534519,4.984375181990281,1.733264945604345,.6760255824888586,1.876655002554894,3.758192400543036,0
660,-23.59640517909911,4.226764856181286,5.017020987423778,4.99349690182532,8.790162983502661,4.484607021017902,-.9542277089666323,.4603600990414679,1.173715669246072,2.931326409247824,0
661,-23.09151814917824,4.515087703284157,5.17506914252552,4.623436622660016,7.255320788259361,5.212655820329747,-1.090247182242868,2.256625907452896,4.241186441006615,.1350909754530993,0
662,-22.62142025527721,5.305167895192578,4.864817656264104,4.923687244578251,7.335978833964927,5.350909395448311,-.1597280029506359,.2187928180924678,2.043318338113496,4.839714167761043,0
663,-22.62168417654609,4.80703571192794,5.020206797209708,4.719863440274379,6.622856097502646,5.252000531345121,.8709779953404005,1.565771840839781,4.246163940824008,3.010847344849366,0
664,-22.05781977392334,4.800705493372651,4.910290981768783,4.96254431779357,6.050705385066602,5.475646202755383,-1.080649033915744,1.032664789367024,.7171160655525061,3.822483339957873,0
666,-7.39338854491697,4.945147837939349,4.836190576632599,4.600563574448888,7.077566301429052,5.390068921547658,.3925567150325222,1.02242660612931,1.722070655448343,4.418262621000116,0
668,-21.99908293595543,5.509889062899987,4.942371448629417,4.29177296302074,7.574234329711095,6.202651719170266,-.3222351582385507,.174732859763076,1.43302833725505,1.821394114701849,0
669,8.615222019111274,5.199587298053395,4.89759331197963,4.644080167399697,6.792980028632287,4.957903280147646,.2263023793726438,.6612182685956788,1.791159982721525,2.846185161890777,0
670,-21.38820373731129,5.310910711287896,4.653248840321741,4.756028794258385,9.385888280420634,4.982222856080295,-1.290412303975199,.8433798114388338,2.31790237292182,4.495543092074508,0
671,-2.019035133914926,6.262289885806426,4.703968993799559,4.478927029808389,7.00844683458584,5.507144336605575,-1.400903432506841,.4693200529843943,2.378201533808424,2.584307028184092,0
672,-4.766006626523709,6.633860653488703,4.734200498854352,4.528977911553934,8.012485914697134,4.964844799879934,-.0322442684715915,.1052558357868301,.9754282736058455,7.668687508825797,0
673,-21.74447025014839,5.861465954260095,4.92666265682316,4.295654013248114,8.593873370733213,4.325280400779143,2.349088557974963,-.0454584763443399,2.354532945750503,2.580493456746376,0
679,-22.74241716860744,5.524591551271678,4.687586950439163,4.615054213299191,6.726749669884172,5.20561591318183,-1.48213135693237,1.062397900858137,1.892168485844413,1.965006050383508,0
683,-22.49742124873297,4.85312203243899,5.30281161977972,4.442161101000861,8.238863045363646,4.371807237838162,5.868410905951178,.9843208727490179,1.137795376682606,3.249044621920707,0
685,-21.20857352903037,6.711263230177408,4.313920492629575,4.494011418410444,8.755514704642144,4.480784159218386,4.926775966949401,.7019699649789458,1.85106814329757,3.664346728683085,0
686,-22.25700958218321,6.610220039994991,5.143817906839461,5.017004063662108,5.44371976163325,4.464189075952057,3.518064009180438,1.119234007299625,1.822017232753821,1.686162385948319,0
687,-23.47728663778045,5.524117202569614,5.1761377084155,5.158546541591878,7.069039360655948,4.38693559750927,-1.367564191945528,.2081361825045888,2.09203728237656,2.959514729069389,0
688,-21.87684978212477,4.069126509722457,4.986034557702201,5.087714572488527,8.911819775786615,4.512999849141764,.7477058931129194,-.3912807586350417,4.536496045755112,1.904604533242032,0
690,-22.08625459964618,5.188806429006723,4.911562525756049,4.913242655191923,7.334330500403007,5.373899754110099,-.2747991859765134,.1667101626504844,2.09904786989034,4.771771561585927,0
691,-1.217590984823063,7.468168392302045,4.391568557833536,4.55661873872423,5.1656266570905,4.810885616901515,4.239797129972981,.6929034222172155,.7334277749406809,4.688150244512961,0
692,-20.44636118259365,5.037798765680206,4.370197446876529,4.563264993070709,10.50793832802044,5.177601758866172,.2156892643617242,1.330539933783818,1.018568367967551,4.414975135332138,0
694,-3.085079234113422,5.188639383742626,4.732499064190122,4.760404206664485,5.631887496002427,4.315381626999804,-1.291471029050048,1.083915488034227,.8944218242487323,8.134939311040425,0
695,-22.99222372846398,5.553615562902364,5.007791071635885,4.692461756275706,7.555814609249469,4.784163588558735,-.8931664079844729,2.251757263925472,5.607351370445259,1.124056936692413,0
696,-21.59339840456201,5.400422141645898,4.860354271425843,4.64712514484206,7.170104977351918,4.983466218748863,1.490537105918048,.8225906928584247,2.803225341689608,7.425750328886577,0
698,-21.22024665933403,4.35187541635687,4.650421031948818,4.70831090886635,7.933912569285388,5.064527896245865,.8833676245785127,1.09009146931681,1.492360958044367,5.582777193832971,0
699,-21.40358571753314,6.143189780473307,5.43007987148529,4.59382332692811,5.553532919715749,5.1445007858796,-2.658704851538308,.9262587058851182,3.072171097249974,6.003963439935704,0
700,1.068472679951598,5.18631477406095,4.884971611131096,4.728512829742822,6.301108910167119,5.225310101766302,-2.139399559188202,.8491529453362006,1.825761343487449,4.411245482737359,0
703,-8.030216728075082,5.501035137253204,4.935180136078346,4.078586271007022,10.10418841389449,5.723345445188007,-.5999215254413959,1.007639382785523,1.295601505656782,7.067280694602126,0
704,-20.90940436850655,7.630957728282428,4.710275649849073,4.589829061286636,6.437394162430787,5.181767538253143,5.322607242478054,.9518435056745124,2.250420970224841,3.808049101735892,0
707,-22.4276939806135,5.342681873470705,4.798705129312712,4.655642660746931,6.685837270980656,5.170760060707233,-1.492859806250024,.9978847192534759,1.878065320872104,2.040495740301198,0
709,-22.45482495508614,4.853861091082574,4.880879882366116,4.675603603531617,7.567834445177719,5.169750089833076,-2.471602561171511,-.1235904408799093,3.095749597122083,3.045718720041172,0
711,-.5630338033094113,5.131292225001569,4.816034444970755,4.569117296457535,5.931248885959801,5.600748136322295,-.8468294257840726,.1388102223570315,1.178901067386197,2.634941056878511,0
712,-23.44811960137253,3.95003430072116,4.255833137932623,4.785768016993432,8.365925188748172,6.076616943660111,5.139595857494312,1.575494932721331,3.491442083505115,2.943094179607399,0
719,-5.816050562708597,4.572591827312833,4.507669407974211,5.164602865774203,5.88827546843865,4.809192841225728,-2.470067517536502,.0990259026316495,4.479720509988578,3.815000868174613,0
723,-21.7666971915335,5.366038792469469,4.88396262947025,4.258425065022633,9.236091629738025,5.630946509791383,1.784524988197273,1.010486736635452,1.933249692998827,7.110228332953799,0
725,-22.75170069596012,5.061965573301692,5.031815525894952,4.678324232696847,6.837692887517091,5.107281097039581,3.223674766223286,.6884193293327715,2.90782917375481,4.563434702249641,0
726,-13.41674423077624,5.662076624175292,5.302183625961312,4.445351485049684,7.431407332721883,4.652815703048267,1.769493190724501,1.173671845608971,.9613139274167196,4.490639226290017,0
727,-2.86136947574087,6.20375739751987,4.822808635948325,4.574957468690846,5.961408338465672,5.668325149427979,-3.658496641501169,.4543520348142903,2.731187791546372,3.984309596215585,0
728,-21.37940940716783,5.689370227563995,5.247724896929275,4.881390246826255,7.09835198981523,4.828324961159408,.9897462743108693,-.0632908484366461,3.314537837217097,2.920998381993424,0
729,-21.77910486878681,7.076285405336554,4.979647379573149,4.676417555720048,5.537460775184892,5.22441662942266,.2297233050270238,.1605023291025148,2.475660335650057,1.296899307716345,0
730,-8.673192127797321,5.847320947368955,4.770979550890522,4.454327483349803,6.858715057518705,3.815830769113985,1.507340450235129,.6202134416951155,.8573671045840398,9.013653779040711,0
733,8.857550235175538,5.239249225078491,4.970050307654287,4.708768623612105,6.591659518638864,5.010845789542367,-.1260648294662004,.6539105056224204,1.606345281190861,3.276027740522544,0
734,-20.7914938909921,4.131637262615171,4.735691309740401,4.806900444257135,10.10896305183015,5.809421976066611,4.576737314483366,1.264811778972118,1.225769970465693,.5051924191334819,0
735,-22.27465438276254,5.889424430283273,4.941061866029774,4.58522635547312,7.41124983770833,4.729424607552043,3.569022924101475,1.079847856445752,2.299785971117166,3.487972588449058,0
736,-21.55088747508682,2.821031651098487,5.466877181163934,4.794071942490518,5.871866545475322,5.461305963466926,1.219034531188945,1.363640924017926,1.869508631584803,1.864487354131689,0
738,-4.828008346829114,5.051906650886069,5.166486998393999,4.621030569090696,7.021013088568768,5.499017405539064,-1.795167428716256,.7204120426607215,.3689392655010101,2.922567863900401,0
740,-20.71282852925781,8.584744674219744,4.897904282497858,4.612154762364572,6.927714097420367,4.577863524545077,2.939085121244659,-.0516437852800486,2.058577561432413,5.774714974147584,0
743,-20.44200605933895,5.91151651399992,4.888155138287504,4.328025230848245,5.391361542239259,6.696619314234348,2.341925587823085,.7750376228562772,2.812143450767159,2.591020218911217,0
744,-23.2635540474167,6.086599732615606,4.935442831265362,4.690599834846096,7.716093721272882,4.630078258229009,1.084741024980103,1.025428564673846,1.612482301854973,3.754743537902247,0
745,-22.61039131592564,5.791696145231755,5.204353407262787,4.767462187022358,6.253920413662486,4.013263276997327,.4910393804182607,.2820615435909345,3.089854309709024,5.473604043861219,0
746,-25.13706246264091,6.00289807294962,4.807549353012013,4.645764636197208,9.338217783870645,4.894075126095258,4.920718092761501,1.336718765877291,-.2296416203332497,3.185503735772848,0
750,-22.48654182522089,3.797673797434818,4.649775282757581,4.72807792641282,9.899035683130249,6.149053553544729,2.94750748056521,.911283186374123,2.200302191943725,2.83362683037606,0
751,-5.786122004731336,5.421126665283007,4.897706617777451,4.559352204285076,5.946655366159611,5.451129984453649,1.640591103437735,.7442315867531576,2.094092379690951,5.240184092862871,0
753,-21.31165165865999,5.473969507271139,4.970255187316677,4.275637355055991,7.721590060984544,6.211972068095052,-.2918230208985066,.1294793182711847,1.478407632971629,1.843420646791919,0
754,-21.65635136356251,3.479089050332541,5.913743007284307,4.374113159983612,7.583694460646476,5.668656938877921,5.729254196821416,.0609846677538668,2.115842525879803,3.887699282807282,0
756,-22.77373075112567,6.312779936077878,4.728646826804878,4.370378611021687,8.46755119508107,5.305750103357358,1.404149704427552,1.167540999578565,2.020700180283559,4.343588286784133,0
760,-8.150295112903246,5.130355741375948,5.191328848762411,4.615952551529547,7.780244134105914,4.643917482156939,-.9219191436621346,.6619047332034524,1.728791326475539,3.231637026145042,0
762,-20.49354971412151,5.016616272687154,4.682851038691085,4.922774363369141,8.160113282517946,5.762273736009348,5.472703693419778,1.246020653381454,.7316707742743065,3.657320267728295,0
765,-10.42264998010148,5.874050136829571,4.728601557907664,4.384187014257926,7.758240740067462,4.904191559440581,1.19591011002031,1.136642516784231,3.344268529423031,3.693421642066386,0
766,-20.11342460531507,7.436715943812741,4.982532739951917,4.619956754188561,4.770108387450402,5.202287240637015,4.350881076420375,1.180569921793161,3.154088698268896,2.697410314902213,0
767,-23.97400137541363,5.640297802805184,4.814382834637561,4.89741771750835,6.740557475646728,4.709279531901083,-.4733011077801384,1.096455449993447,3.112463782916419,1.560686589862135,0
769,-5.232052565402456,5.053350849841766,5.052467839324789,4.286369537245001,6.042799849333127,5.789404634750833,-.2461324560576894,.237259085172123,1.981333309237673,6.038473023015373,0
770,-8.330966086655053,4.227419015089448,5.05903571062892,4.751163300366239,8.444400603135838,5.028144762794707,-2.277930703984787,1.20158412809674,1.462133328914307,4.368107746335045,0
773,-20.26446641322416,5.077615369660583,4.344289653406418,4.617920194945921,10.60392134055232,5.125257940712301,.2288143711384454,1.314088064401157,1.094675523377853,4.637149796124224,0
774,-22.02668550167857,7.427179201211866,5.554125588392973,4.771898888249064,5.355538789699342,4.249563886984806,-1.582463889414614,.6576452500877144,3.779613692738521,4.15806261890424,0
775,-6.555157203663716,2.479995684989288,4.538435076565469,4.254268100311061,9.037172969216609,4.468286218926966,-3.146985265118269,1.621855344039942,3.995215844158404,-.2687435720087382,0
776,2.769365330958728,4.604717217235064,4.73981116478437,4.691196875539201,6.33279706514829,6.157247169534823,-1.568391727922555,1.489257361965791,.91203045173317,1.463772972297084,0
777,-20.94805290121054,6.854692932765743,4.854685322333986,4.527823242257156,6.513778911668973,5.249410132596213,3.066529795434495,.8220660406947552,1.677858473559467,3.610596396508714,0
778,-14.15407977129299,4.957972096230944,4.727073748581207,4.512004831095507,8.785894275348012,5.329097784859774,2.332434616031843,.5612332626399149,1.654721232841385,4.389000589361734,0
781,-22.27420816426714,5.534818412216912,4.770559647046666,4.772170362848187,8.755356377052669,5.137359640451594,-1.048882861655386,1.447861788399906,1.070084364732878,5.914554323288296,0
782,-22.88257017342205,5.96999661333408,5.179480158805569,4.823671550959985,8.974966440671063,3.796944272513002,.1631582044038756,.7784496141644013,2.143570564531573,1.730722966538654,0
783,-23.34235597840514,5.335403625215821,4.92858924286551,4.538647810413897,7.236507420811072,3.892954420939021,-2.03831830137842,1.061661876572107,1.049157216782825,4.926144601563474,0
786,-23.3686646389047,4.885759689597687,5.001294325037962,4.530136112494469,7.228250277124538,4.904545309649965,-3.206992496618299,.6723937684696921,.9488424134397792,3.553458075269305,0
787,1.209195325273462,5.050824981776866,4.902679673623583,4.656529511665912,6.221823418415538,5.229372608195082,-2.076132613282772,.9469014142255431,1.347078676071836,4.465526068580703,0
790,-23.14640503257939,5.485207293134737,5.040973505205456,4.711852236219367,7.331988928346703,5.0581231572457,.7804833535337133,.8035726138965387,2.001984772079309,4.73045161407205,0
793,-22.33101828736589,5.502308584724585,4.890343061417845,4.966028423044254,6.811369064152377,4.997761170128353,-.1570807346403159,.3407892951955922,-.3262665586021855,1.180523844857359,0
795,-22.44867417944972,5.563582821763142,4.567596385008872,4.41076851950158,9.851136293835816,5.510938866659963,1.503648075732924,1.215409493519649,2.291924017440667,1.490418707171974,0
796,9.686619418657004,5.143304894128614,4.874354733987071,4.678654877338801,6.732673526904954,5.011324620422883,-.2432165081060342,.6500142268123801,1.732419047282463,3.034750994166878,0
797,-5.030718945586741,4.875347103706956,5.123088568018243,4.349751101071839,6.833747489640653,5.965812456715298,-1.863522243772159,.6641646933956468,.2339858287774113,2.881790503144777,0
799,-2.592109589045843,5.234031972216764,4.939399771696509,4.632287733824349,7.179867074804053,5.574928744049052,.5117809934782117,-.5860282807577529,1.700504081962518,1.789348930982856,0
800,8.159158063424998,5.371452069208274,4.866361028787505,4.642579747364556,6.94596647565387,4.818200464350353,.2729687701756722,.7240901383456065,1.874200514891476,2.971028068059119,0
801,1.647119452869356,5.08137346342337,4.938661666065995,4.71108308251,6.504992651389251,5.360551668253272,-2.309247366124839,1.102863232190101,1.449943228573788,4.548534301216165,0
803,9.625874335967572,5.095606635029462,4.871280268741623,4.685556211517677,6.644525807957922,4.947286769647448,-.0784637874704764,.6914866831324963,1.751903444353861,2.825917757487911,0
805,-18.02381926842392,4.443516983756371,4.787526585856118,4.860778893857963,8.194538495832983,5.697914464926302,6.584845906602091,1.854612902869748,2.939899127805439,1.442931462912707,0
807,-3.48447043936068,6.218132402755286,4.521531360303756,4.352207879177032,6.503749979270304,6.570477367745792,1.427586199825753,-.0200200124739297,1.6107354991126,3.439951047702142,0
812,-7.954746160470377,4.830769430662519,5.623124856023991,4.633419489228595,7.833819957974418,4.022769105273974,-4.164301035569456,.3211729586467011,1.451464488726808,3.163652956589624,0
813,-20.09689955437,5.31457659856821,4.737058747600092,4.356207168102707,9.114702247586866,5.833442781319439,1.721851141771163,1.395712042004799,2.033548692905204,6.786787140612082,0
814,-21.79309713540632,4.792448979179652,4.897903218443675,4.97744908905522,6.013232621789331,5.552519007227709,-1.235094308114604,.8723991008524561,.7258061457928897,3.949816156519161,0
817,-.5403501269270883,6.371519760260762,4.836050095996087,4.758861262154389,5.98651357044517,4.541733478898821,1.042729251194849,.0944491132903041,.9518010296414037,1.614107753836976,0
819,9.285911062031349,4.962031745580381,4.871965074253826,4.656086034799887,6.702654288509592,5.027323287103419,-.2730306337049809,.6982822650521564,1.716092205905896,2.892383899365102,0
820,-8.448086820290634,4.782974284225057,5.415374140043169,4.204275524695755,4.361452028768997,4.873109251273628,-1.211413490080231,1.262970233452978,1.062984181245762,9.7819723081244,0
822,-22.33776699443357,5.715459238403884,4.809441452899192,4.741804065427893,7.563525377377256,4.16864070050995,.5201906194583918,.6814046566919303,2.534321167188265,4.107889362525609,0
824,-22.14537574474356,5.420747557635586,4.907237473724497,4.163199627282806,7.607990712911014,6.16014395025319,-.4044790140349833,.1890878253304693,1.462993323921667,1.956774005202241,0
826,6.672513193432711,4.662411702259813,5.194107461241969,4.619564818196165,6.32991973586132,4.969269524394976,1.846416650378531,.5874664395161192,1.415021785076316,3.972134903132206,0
828,9.242748713312954,5.219300563649202,4.931168189443042,4.669742303727452,6.852541909849776,4.869366137244379,-.4845386271114257,.6519242600189786,1.872615161237816,2.897766406427043,0
829,-13.21732894747729,4.830753971549578,4.908025656616818,4.874170782105295,6.687664799079994,5.03226001886044,-.2846197996543542,.526833039781248,3.511168453857942,2.72931693373693,0
830,-21.56237795623743,7.027246351821227,4.609486254454402,4.621788284410538,7.274391852182137,4.507361391573566,5.073553802550395,-.1895366371538393,3.084036275313457,4.390425833477561,0
833,-21.92047807056712,5.663042333753665,5.278674349115549,4.949030941578482,7.013982391833334,4.723460974463471,.9516608287603056,-.1779162911022243,3.188286301834354,2.97396935900484,0
835,8.435114786951724,5.267907177838042,4.853823187254824,4.633902861756699,6.848366322977231,4.967586110167192,.2152824642346559,.7363685521127296,1.706991830927305,2.983996424518904,0
836,-9.281197691767586,5.294209352423175,4.988352624261971,4.227700747668231,8.154801263536678,4.835731883149724,-4.573699830581552,.6469186284571649,3.445100536557252,2.405430536873553,0
838,-24.85445262812813,5.36850338493038,4.440037720071252,4.781284577577191,9.698041860355755,5.699030375582526,3.706721107334825,1.596683990782612,2.900353967406629,4.955995451538633,0
841,-23.59606110429034,3.767598453350891,4.663636273021765,5.652066978445868,6.474965658090725,4.551737520761223,.7720011528695423,1.30955959123285,3.647801438172704,-1.908792187269148,0
842,-22.02406581796017,4.581405254991875,5.124341479119127,4.465869647013593,6.974076415502544,5.788207226378919,-1.316732631865716,1.707649883099847,2.102332923181659,2.107389963881229,0
846,-12.17672942411399,7.854852254786208,4.881452176918624,4.535047770113222,6.73269688778132,4.671602838341913,2.970964499786936,1.353713491201924,2.23302976131218,3.266656703866115,0
847,-20.08778369718857,5.457219319889345,5.165384994458831,4.207589076357609,7.612263825869102,4.456974884603898,3.084795443043027,1.185504323169793,4.387643533411866,3.160400748002607,0
850,-23.39936787463545,4.825929381494871,4.984786710543472,4.700656669004511,7.465938522701817,5.073829269697557,-4.672171039527006,1.438078454807358,.8101937785305696,3.928677884129586,0
851,-21.80113617019829,3.863076280027467,4.946468073139462,4.831380794592332,8.155289157040224,5.618160056627034,1.978580266943626,.646057274223976,2.622331585276779,-.4854852030961533,0
852,-7.926708186826891,5.297133053729909,4.55745211618826,5.346478395038959,6.799947299110511,5.143598093258809,-3.586923938553244,.6725172730779,.59951936752335,.6521516093651988,0
853,1.341560480650948,5.204534092821714,4.764470738310967,4.644013847576042,6.29168702918725,6.103954682444816,.1124549062112723,.3284969442686084,1.294731267913822,4.651323798926172,0
854,-20.60905381212972,6.112868661299089,4.812564709703933,4.23970990606675,6.961419180917883,4.618499754451538,4.181062077539985,.7488192850526194,1.029038541635957,10.50526601344006,0
855,8.803735471515234,5.192078795164017,4.926248736888918,4.654033685623572,6.507902912303197,4.911857311402395,-.067151665787548,.792338915789936,1.685461042065375,3.306580027271685,0
857,-23.02796149423709,5.738158377831798,5.019294997108642,4.654104758708306,7.674562411883626,4.702850436366451,1.686384588546348,.5579567011758849,1.668761491221085,3.526630230698153,0
859,1.074022632293686,4.975263952036363,4.890638620904706,4.544535426586034,6.206887836368939,6.181932248157197,-.3109479194436793,.2542669306178947,1.446121889941606,4.4243655276952,0
860,-5.405197641311732,4.996639599856691,5.35147566436931,4.114023201864809,6.325696173322434,5.764934703749229,-.3361262052559206,.593415702183656,2.004741820427145,5.621644524223351,0
864,-9.479707371847946,5.592928652387911,4.948674892846006,4.31941459031346,8.010166061019666,4.749468493017345,-4.635618161490822,.7092233694944865,3.064839472524604,2.064201603261055,0
866,7.960153911800883,5.13264196337669,4.896628783571588,4.649052166128486,6.676944007666386,4.977241818968675,.0603785439652901,.7158611736872665,1.780683485071706,3.062121494828902,0
867,-20.4709548355124,6.972482267205191,4.454557889618676,5.28506826246493,6.541268186230514,4.600699000536843,3.078796482692526,.8092757490724469,3.642207437214655,6.811894569681797,0
870,-20.94146485188674,6.97505946962148,4.808631370766916,4.476768311326067,7.170065908016761,5.640514422350626,3.200555892917256,-.2132930527373446,3.287158134828779,2.464175605562909,0
871,2.106387340501038,4.863686287292852,4.641267657943211,4.774172055014912,8.976613022272797,4.895561785172553,-1.937230206996033,.6339949525040863,1.165765135436099,3.277215224017781,0
873,-14.28639194778491,4.581964503139172,5.097249935918233,4.694697440652204,6.93140277386301,5.432214933377998,-.4842399309392312,1.026350446812766,2.82749047682432,3.556666857106569,0
874,-22.79543112997296,5.892742312862559,4.839929618110616,4.935921668162536,8.346453712084822,4.711717542357786,1.496690588899853,.4291743389187369,3.996828259017288,4.01511311467397,0
876,-5.835140935871636,5.512270187916281,4.741048430688375,4.314692253961005,9.33579801344357,5.284461550598652,-3.744264140910984,-.0977760938627663,2.422810404435034,2.854102075664254,0
879,-2.903563008306641,5.495991772939201,4.493186571465388,4.383980212617701,6.684456424138084,6.539206949951759,.9168142652345366,.0836758393285102,2.127130570991278,4.384414714197796,0
880,-14.00797664116113,5.385255204322525,4.962442623239118,4.738110302409876,6.386028821742055,4.601394050364924,-2.311594306633794,.4486954959206405,1.456503453958541,2.53978173194178,0
881,-23.86238298439001,5.963732511518503,4.84849491563694,4.513038108626736,10.30981706448805,3.413161346429058,1.127469383858597,.1853230958189854,1.466310572243212,2.672232213293022,0
884,8.210605331499272,5.167350799902402,4.932071337286228,4.646230431709425,6.700546163264857,5.001987846144922,-.2050904209436963,.6092799521352357,1.621241399471212,3.047715035822106,0
885,-5.183003619384117,5.673198182576707,5.180524709710689,4.264248754625497,7.344200680441295,3.687165244306254,-1.095171947579516,-.0072268543336375,4.26504133825518,2.895533640474747,0
887,-24.03155350117857,6.312916190667782,5.054994107365231,4.613893498385483,5.407693327710394,5.868893459055386,.7645879757010271,1.463320798143734,4.131023435697371,-.4849573920700029,0
889,-22.71481457239831,4.748464768021054,5.247049390265679,4.168499842434992,6.747839497481745,5.069238838032668,-4.264200417346889,1.704565776285242,1.00658196372408,5.113949009410286,0
891,1.302276502316082,4.804339870515753,4.903284957825302,4.625690805656841,8.822065883022756,5.02374704654725,-.1335906665840558,.5441527264484053,1.604689102413026,5.790868718826893,0
894,-12.99480385885912,5.244306100944441,4.879979283560435,4.594147383801436,6.477569253783184,5.025548085677793,4.244433142848495,.5178702719708516,2.368710781037082,2.834598432984607,0
895,-5.01625278462938,4.72480143527841,5.575291576031807,4.618319547949565,6.013499538493435,5.146985614832897,-1.147839504625972,.283901146202141,1.445354821319077,1.087880680949622,0
896,-22.68506215761213,4.390223055258115,4.628747632580539,4.833510382421314,7.772867518116938,6.080258536115393,3.247066224790107,1.204320017459605,3.075564379262914,3.628897286506016,0
899,-9.941102774320816,4.805171389107357,4.735747160368532,4.734862482569206,6.808019946492322,5.22315379891706,.5680765489309482,.6574834902344773,.5507058031473194,5.989830086853143,0
900,-7.890767706471609,5.9298389101351,4.91699264985841,4.370955397663347,5.532281702955665,6.468039728198733,.8462864595794811,.5255032731022362,1.625110446704801,2.868300774552021,0
901,8.980776303844426,4.992699032952172,4.920212178172894,4.688752677428057,6.923564830582161,4.95386859622003,-.1257643498642412,.639656045836552,1.749006230749379,2.779756607516828,0
902,4.283280164849733,4.960188697344565,4.889697911524642,4.772330083717702,6.518867293444536,4.47281666024929,-1.812147117297749,.7547579340720925,1.491109633028123,2.126959758226564,0
903,-23.84204508500576,5.473303344445773,5.246214667339217,4.816423849304915,6.034694180557627,4.717737381402935,1.533515761859786,.2663619835502403,1.498795366970372,3.895584123183146,0
904,-2.470898531453297,5.546181617593874,4.877125734214295,4.756989942104183,6.284480681352856,4.992886730221288,.3696160184173766,1.206499205000718,2.352495710267336,3.329332137584683,0
907,-7.753629180220588,5.168620109909489,4.915519008189678,4.507555569859604,6.502086952210437,4.977155261684501,-2.371896940883281,1.357888362989849,-.1395029941740571,2.423706534688614,0
911,-7.676178314640368,4.669644762398883,4.71780722479221,4.516467904317671,6.520324289096274,4.665761591888023,-3.272823780948019,.6140976597136618,2.906999973733698,5.221902040198941,0
913,-2.112641342913332,6.012618942503656,4.59948105432826,4.49513645299152,7.170517364876222,5.48595391455861,-2.046887492168962,.4608567374335794,2.480318758307138,2.627155179800362,0
915,-3.064398627991733,4.677562518318885,5.001723488654982,4.924504329605666,8.133055565104147,4.659791880453136,.0639961532750755,.3467469361688201,.7510823144015253,1.344411825559413,0
916,-21.03880361543828,4.49757407447548,4.3752905219809,4.610691576043362,8.261185743866125,4.532825208293472,5.698462795859684,.5374033232563484,2.310018527136084,7.771997094480493,0
917,8.198621362700473,5.310009735883385,4.909364891322145,4.640007804890681,6.791648145022007,4.853541949156604,.3906467933349403,.7373338370579254,1.743707604252947,2.73111357565461,0
920,-19.790512743749,3.827183616623496,4.823335262735281,4.825512012278878,7.017975504794891,6.108955541851993,4.852733291119676,.4399433789520593,2.031747044279908,3.237117680997407,0
921,-22.02984694593185,4.918290913187067,5.042272689421786,4.614174283395483,7.785885210332961,5.199547953202474,-2.521707717647927,-.1195971044441178,3.229095037294168,3.206717011577946,0
922,2.431352550007693,6.833863248660191,4.784004762251521,4.596292358184451,6.994834965549711,4.520120508283134,-.890291976263202,1.059968220054951,1.264912192858682,4.333915517702619,0
923,-23.18414374904061,5.385719081813884,4.922157451898229,4.529116111184772,6.090720146772888,4.701352466214808,-1.808203604977947,.9499525775927586,2.075291379849623,6.737080430779634,0
925,-.4356273584113509,4.679917835575396,5.039261030038896,5.302627704373426,5.387451201907278,4.75623903943687,-1.168252314518815,.3365615865661648,.7590103621261722,1.332851623996688,0
928,-5.079931443764806,4.94922903179352,4.978146799720716,4.280721534535405,7.277382199091636,5.504777318095441,-1.984556891419902,.7646670648710882,.3820036256402879,3.071490105832239,0
930,-22.22130156990005,4.8003106868865,5.126157801730483,4.919593430858957,6.110723923879435,5.734520154006719,3.810915086322011,1.327916337929979,2.329296726928616,6.422894259409955,0
934,-10.73545968368034,5.02885364346382,5.405118744477976,3.891040186309612,6.516981155477695,5.068397086173172,-2.566779972916208,1.23721512325622,1.065070628157285,2.398205143374598,0
937,-4.519249499737176,4.425881910125851,4.743513364609447,4.694535697183445,7.280359079236089,4.778851861560087,-1.557318398726496,.6490948691255,.4543226938629027,2.176947087574118,0
938,-21.74395662727809,5.65109086421899,5.333856766588092,4.798559741803892,7.135937804605615,4.820210366220328,.8703970940365526,-.1522395589113352,3.20585621233547,2.85257775470014,0
939,-21.97367501642327,4.219677229595534,4.920339042524316,4.724619673778469,9.73517223588915,5.175656095588857,.2257978765179375,1.776423952230123,.9007376813579187,3.461028676060641,0
940,2.175404288920348,6.884226512317314,4.755257498851071,4.630114856059325,7.148564936759276,4.508568127078926,-.8969656462962105,.9845225487883371,1.199367411420847,4.533618970174969,0
941,-22.00692988379487,4.868871092197375,5.03352345389987,4.620857696342357,7.706926390701674,5.216618751045891,-2.264776945884146,-.2434733013681243,3.246972315171264,3.222690571324604,0
942,9.100863329880376,5.004196348116793,4.981211704732236,4.607471054861122,6.863101471834873,4.891878609948145,-.0005991217474474,.7593391651939706,1.757480331309243,2.991937766867273,0
947,-22.47027073493479,4.5600643371684,4.802329301463154,4.550434978897768,7.430149290759848,4.084477578554793,-5.242456263864672,1.424310097253721,2.730678840499755,3.832217406279238,0
951,-22.63883380792549,4.833814527214469,5.133205852119649,4.623467786366883,6.748998021512145,5.185769664751226,-2.831262350209215,1.130303275630665,1.881315535176248,1.872677707019706,0
953,-21.80482986642523,6.243584585708992,5.347262821619498,4.693802684702,5.397095124531424,5.257393413491148,-2.711572042369027,.7447223783336461,3.001899006386669,5.875292330162926,0
954,-8.789217659616144,4.974694383396891,4.874686597907436,4.960808863215449,7.510991058984493,4.657467399333355,-1.014074838046057,-.2892024173082998,2.681733092050105,5.273526221844064,0
955,-3.153569043342136,6.014636512317934,4.405387279299646,4.344363855457941,6.303188279995151,6.314160136961244,1.206453314465684,-.0537854117867925,1.74686463447356,3.983974756378208,0
956,-20.64388377196209,5.279657149082928,5.162736219618192,4.371920348759664,6.977916657033309,5.741201008767129,3.840301069116838,.6180255464259422,2.820971762826272,5.569743934133172,0
957,-20.39983782898998,6.968045186367969,4.334645817448608,4.79101815694336,8.731006733286462,5.310831200236157,2.877536502356322,1.570453017582214,.2828292897563234,2.529281714439414,0
959,-21.79859681326996,3.43433421621247,5.263660432729656,4.672215699243751,5.156930208151591,6.355935319201929,-.0163314521020732,1.409218622936431,3.125317748208453,5.366798632387143,0
960,-20.72213006453286,6.26606967664536,4.716271499716946,4.306035743706929,8.612516606084252,5.588813281772946,5.721653121588876,.8783116516495361,1.046445446889001,3.73759065512065,0
961,-8.574751521958749,4.647247208553474,5.446537027825733,5.095051816082576,6.52124701350271,5.321695946336773,-3.089960798121494,.315519131545931,1.961481475519246,6.493067025667991,0
962,9.235483907057416,5.194052958300555,4.925718213976943,4.656428144155802,6.771633695052298,4.840256558227797,-.3990231093534293,.6444875985944184,1.765198795397501,2.91615421991124,0
963,-22.4339007803335,6.23320638976884,5.080291121942461,4.576178140093632,6.318248883064784,5.125437732016413,.8461415410514842,1.360637420666301,2.880380082609931,2.717666766156445,0
964,-21.38852634469268,6.216462966874172,5.250151843740784,5.140004910810859,6.1820279703288,3.962959942056586,.1377610228787724,-.7437379230805538,3.309139666343955,4.636567593847749,0
966,9.502184067568946,4.997669079165416,4.863870865530584,4.648334797643302,7.02290276856965,4.882412885464889,-.1594638637729963,.6762261983275668,1.783949132149291,3.003529127520398,0
968,-22.90582012371864,5.440630618303745,5.088616994755828,4.695172314055895,6.222222649727303,5.454542268965413,.4042775703582115,1.360565819006489,1.639491468598266,6.97284931476194,0
973,-1.269817487684416,6.509727741951212,5.193865069871666,4.500023815752914,5.733412052089053,4.654606481289943,-2.411438568293143,-.2327756360831456,2.564677522149027,3.703852766177831,0
975,1.53162476143008,4.903489398877205,4.915340392568335,4.655251832662763,6.361725053274591,5.292208441240518,-2.032850067114591,.9863366636312658,1.735993784894306,4.548950594962989,0
979,9.291534630590286,5.082177163101298,4.937090543437769,4.691719492447993,6.871314091139408,4.817981580991981,-.2296567265724234,.7893144344384893,1.641140660416408,2.991289398932312,0
980,-8.873235762148131,4.767343625221218,5.238747940297955,5.287686471329637,6.301470370769199,4.474473723539045,-2.044661585731391,-.4295448085793042,3.968521258169626,2.846947362956906,0
982,-14.41125197210933,4.987478816636899,5.035277281627541,4.636027022154147,6.333404878370684,5.187337414206483,1.089957895942963,.8789181428879651,1.978824594427084,3.933303557537669,0
983,-21.80257494276815,7.174061158237463,5.630330102634039,4.654479932479104,5.328076441141171,4.171500208488547,-2.037259706744353,.3486470457175885,3.891067509567246,4.016530775590372,0
985,-22.9139944393542,5.358040865581736,5.057473285107013,4.835492917134715,6.559795961110421,4.847045159682973,-.7793657921531252,.6855075831836839,2.516226617830259,4.669927697824257,0
986,-21.44692044019427,5.367653473944772,5.278606994083743,5.172569926046124,4.42560157478388,5.18171299102442,3.982534052482801,1.153653847743404,1.636353984832519,7.388531041888956,0
988,-10.61964927131432,5.271583615856543,4.747914393722713,4.858598778548702,5.941869182835004,4.700612051443062,-4.339481320665488,1.172378754406911,.3971237338002844,2.487770946828701,0
990,-20.91718209657146,4.647476583426072,4.805927711653193,4.519809435703166,7.1724507802985,5.382579088338769,-.9490805629936048,1.281799138882473,.4725254087940055,9.921330035106465,0
992,-3.353743444943681,6.155097615505313,4.433688172949118,4.367174358005979,6.181246678486739,6.45112469446155,.9573582345898204,-.1272990820182761,2.168206770419212,4.043182948266388,0
993,-23.02425534770021,4.430623032450817,5.051166985135946,4.818095523013669,7.26192821281892,5.264015814135535,.2666387622714667,2.107462849955428,1.942547031117934,3.446880835916429,0
996,8.931678096749586,5.428434534399079,4.854776508589428,4.652406047400391,6.518885041296018,4.974241162502342,-.2361479975699219,.7018631803229513,1.573694365043145,3.273286857394999,0
999,-4.914729383181073,4.478544783034364,4.766420778254272,4.907528229073309,5.32091490815564,5.451776752998478,.0839928060578403,1.342058100320836,1.503222111554823,.6724359880734663,0
1000,-9.228630584560012,4.345333023473938,5.199357865101117,4.678040366695257,6.757980004077154,5.829033322598254,-2.196661112176475,.2026387436322657,2.633330319987515,2.701615363012568,0
1002,2.484202072389436,6.592067130217507,4.884460320574982,4.51984099996305,6.287494674649562,4.497296908031015,-1.605376904021944,.7117379051619374,1.171221701287657,5.327579370590763,0
1003,8.472696984349035,5.173007277781821,4.936343184317105,4.625444202237557,6.744828548633794,4.957857781798924,.24387078692852,.7086165836575121,1.726208077497676,2.901189555134426,0
1004,-11.90845263553869,5.00512021766163,4.762606484118058,4.726161484527201,6.947364943974477,5.44152817440645,-2.350078914821622,1.133946127197338,2.422017215911169,2.538944373575124,0
1005,-20.65640771588127,5.82414948247948,4.910565241522997,4.397252006864565,5.532505061091275,6.714358586727124,2.267662669118524,.6651429432144591,2.952531287685806,2.56426375499586,0
1006,-22.0452102050236,5.754389058727199,4.881103478185543,4.672918605401121,7.625748857994685,5.372932851294117,-2.412815369416111,1.431681592837763,2.346058997819337,3.565282802726958,0
